Date / time,"Choke ( 1/64"" )",THP ( bar ),THT ( C ),Pressure DS Choke ( bar ),Temperature DS Choke ( C ),CHP ( bar ),CHT ( C ),TAP ( bar ),BCP ( bar ),Bottom press. ( bar ),Bottom temp. ( C ),Water ( % ),Emulsion ( % ),Sand ( % ),BS&W ( % ),,H2S (ppm )
6/20/2000 0:00,10.86,138,,25,5,16,,34.5,0,191,77,2.5,0,0.01,2.51,,0
6/20/2000 2:00,10.86,138,,25,5,16,,34.5,0,191,77,1,0,0.01,1.01,,0
6/20/2000 4:00,10.86,138,,25,5,16,,34.5,0,191.1,77,3,0,0.01,3.01,,0
6/20/2000 6:00,10.86,138,,25.5,5,16,,34.5,0,191,77,1.5,0,0.01,1.51,,0
6/20/2000 8:00,10.86,138,,25,5,16,,34.5,0,191,77,2,0,0.01,2.01,,0
6/20/2000 10:00,10.86,138,,24.5,5,16,,34.5,0,191,77,1,0,0.01,1.01,,0
6/20/2000 12:00,10.86,138,,24.5,5,16,,34.5,0,191,77,1.5,0,0.01,1.51,,0
6/20/2000 14:00,10.86,138,,25.5,5,16,,34.5,0,191,77,2,0,0.01,2.01,,0
6/20/2000 16:00,10.86,138,,25,5,16,,34.5,0,191,77,1,0,0.01,1.01,,0
6/20/2000 18:00,10.86,138,,25,5,16,,34.5,0,191,77,1.5,0,0.01,1.51,,0
6/20/2000 20:00,10.86,138,,25,5,16,,34.5,0,191.1,77.1,3,0,0.01,3.01,,0
6/20/2000 22:00,10.86,138,,25.5,5,16,,34.5,0,191.2,77.1,1,0,0.01,1.01,,0
6/21/2000 0:00,10.86,138,,25.5,5,12.5,,33,0,191.2,77.1,2.5,0,0.01,2.51,,0
6/21/2000 2:00,10.86,138,,25,5,12.5,,33,0,191.2,77.1,1,0,0.01,1.01,,0
6/21/2000 4:00,10.86,138,,26,5,12.5,,33,0,191.2,77.1,2,0,0.01,2.01,,0
6/21/2000 6:00,10.86,138,,26,5,12.5,,33,0,191.1,77.1,1.5,0,0.01,1.51,,0
6/21/2000 8:00,10.86,138,,25.5,5,12.5,,33,0,191.1,77.1,1,0,0.01,1.01,,0
6/21/2000 10:00,10.86,138,,23.5,5,12.5,,33,0,191.1,77.1,2,0,0.01,2.01,,0
6/21/2000 12:00,10.86,138,,25,5,12.5,,33,0,191.1,77.1,1.5,0,0.01,1.51,,0
6/21/2000 14:00,10.86,138,,26,5,12.5,,33,0,191.1,77.1,1,0,0.01,1.01,,0
6/21/2000 16:00,10.86,138,,24.5,5,12.5,,33,0,191.1,77.1,2,0,0.01,2.01,,0
6/21/2000 18:00,10.86,138,,25,5,12.5,,33,0,191.1,77.1,2,0,0.01,2.01,,0
6/21/2000 20:00,10.86,138,,25,5,12.5,,33,0,191.1,77.1,1.5,0,0.01,1.51,,0
6/21/2000 22:00,10.86,138,,25,5,12.5,,33,0,191,77.1,2.5,0,0.01,2.51,,0
6/22/2000 0:00,10.86,138,,25,5,12.5,,33,0,191,77,2,0,0.01,2.01,,0
6/22/2000 2:00,10.86,138,,25.5,5,12.5,,33,0,191.1,77.1,1,0,0.01,1.01,,0
6/22/2000 4:00,10.86,138,,26,5,12.5,,33,0,191,77.1,2.5,0,0.01,2.51,,0
6/22/2000 6:00,10.86,138,,25.5,5,12.5,,33,0,191,77.1,2,0,0.01,2.01,,0
6/22/2000 8:00,10.86,138,,24.5,5,12.5,,33,0,191,77.1,1.5,0,0.01,1.51,,0
6/22/2000 10:00,10.86,138,,24.5,5,12.5,,33,0,191,77.1,1,0,0.01,1.01,,0
6/22/2000 12:00,10.86,138,,26,5,12.5,,33,0,191,77.1,2,0,0.01,2.01,,0
6/22/2000 14:00,10.86,138,,25,5,12.5,,33,0,191,77.1,1.5,0,0.01,1.51,,0
6/22/2000 16:00,10.86,138,,26.5,5,12.5,,33,0,191,77.1,2.5,0,0.01,2.51,,0
6/22/2000 18:00,10.86,138,,25,5,12.5,,33,0,191,77.1,2,0,0.01,2.01,,0
6/22/2000 20:00,10.86,138,,25.5,5,12.5,,33,0,190.7,77.1,1.5,0,0.01,1.51,,0
6/22/2000 22:00,10.86,138,,26,5,12.5,,33,0,190.7,77,3,0,0.01,3.01,,0
6/23/2000 0:00,10.86,138,,25,5,12.5,,33,0,190.6,77,2,0,0.01,2.01,,0
6/23/2000 2:00,10.86,138,,25.5,5,12.5,,33,0,190.8,77,1.5,0,0.01,1.51,,0
6/23/2000 4:00,10.86,138,,26,5,12.5,,33,0,190.8,77,1,0,0.01,1.01,,0
6/23/2000 6:00,10.86,138,,25,5,12.5,,33,0,190.8,77,3,0,0.01,3.01,,0
6/23/2000 8:00,10.86,138,,25.5,5,12.5,,33,0,190.8,77,2,0,0.01,2.01,,0
6/23/2000 10:00,10.86,138,,25.5,5,12.5,,33,0,190.8,77,2.5,0,0.01,2.51,,0
6/23/2000 12:00,10.86,138,,26,5,12.5,,33,0,190.8,77,3,0,0.01,3.01,,0
6/23/2000 14:00,10.86,138,,25.5,5,12.5,,33,0,190.8,77,1.5,0,0.01,1.51,,0
6/23/2000 16:00,10.86,138,,25,5,12.5,,33,0,190.7,77,2,0,0.01,2.01,,0
6/23/2000 18:00,10.86,138,,25.5,5,12.5,,33,0,190.7,77,3,0,0.01,3.01,,0
6/23/2000 20:00,10.86,138,,25,5,12.5,,33,0,190.6,77,1.5,0,0.01,1.51,,0
6/23/2000 22:00,10.86,138,,26.5,5,12.5,,33,0,190.6,77,2,0,0.01,2.01,,0
6/24/2000 0:00,10.86,138,,25.5,5,12.5,,33,0,190.5,77,2.5,0,0.01,2.51,,0
6/24/2000 2:00,10.86,138,,25.5,5,12.5,,33,0,190.7,77,1,0,0.01,1.01,,0
6/24/2000 4:00,10.86,138,,25.5,5,12.5,,33,0,190.4,77,1.5,0,0.01,1.51,,0
6/24/2000 6:00,10.86,138,,26.5,5,12.5,,33,0,190.4,77,3,0,0.01,3.01,,0
6/24/2000 8:00,10.86,138,,30,5,12.5,,33,0,190.4,77,2,0,0.01,2.01,,0
6/24/2000 10:00,10.86,138,,26,5,12.5,,33,0,190.4,77,2.5,0,0.01,2.51,,0
6/24/2000 12:00,10.86,138,,25.5,5,12.5,,33,0,190.4,77,3,0,0.01,3.01,,0
6/24/2000 14:00,10.86,138,,27,5,12.5,,33,0,190.4,77,3,0,0.01,3.01,,0
6/24/2000 16:00,10.86,138,,26,5,12.5,,33,0,190.4,77,4,0,0.01,4.01,,0
6/24/2000 18:00,10.86,138,,26.5,5,12.5,,33,0,190.4,77,2,0,0.01,2.01,,0
6/24/2000 20:00,10.86,138,,26.5,5,12.5,,33,0,190.4,77,3,0,0.01,3.01,,0
6/24/2000 22:00,10.86,138,,26.5,5,12.5,,33,0,190.4,77,4,0,0.01,4.01,,0
6/25/2000 0:00,10.86,138,,25.5,5,12.5,,33,0,190.4,76.9,2,0,0.01,2.01,,0
6/25/2000 2:00,10.86,138,,27,5,12.5,,33,0,190.3,76.9,2.5,0,0.01,2.51,,0
6/25/2000 4:00,10.86,138,,27,5,12.5,,33,0,190.3,76.9,1,0,0.01,1.01,,0
6/25/2000 6:00,10.86,138,,27,5,12.5,,33,0,190.3,76.9,1.5,0,0.01,1.51,,0
6/25/2000 8:00,10.86,138,,26,5,12.5,,33,0,190.3,76.9,2,0,0.01,2.01,,0
6/25/2000 10:00,10.86,138,,26.5,5,12.5,,33,0,190.3,76.9,1,0,0.01,1.01,,0
6/25/2000 12:00,10.86,138,,25.5,5,12.5,,33,0,190.3,76.9,2.5,0,0.01,2.51,,0
6/25/2000 14:00,10.86,138,,25.5,5,12.5,,33,0,190.4,76.9,1.5,0,0.01,1.51,,0
6/25/2000 16:00,10.86,138,,26,5,12.5,,33,0,190.4,76.9,2,0,0.01,2.01,,0
6/25/2000 18:00,10.86,138,,26.5,5,12.5,,33,0,190.4,76.9,3,0,0.01,3.01,,0
6/25/2000 20:00,10.86,138,,25.5,5,12.5,,33,0,190.4,76.9,1.5,0,0.01,1.51,,0
6/25/2000 22:00,10.86,138,,25.5,5,12.5,,33,0,190.5,76.9,2.5,0,0.01,2.51,,0
6/26/2000 0:00,10.86,138,,25.5,6,12.5,,33,0,190.5,76.9,1.5,0,0.01,1.51,,0
6/26/2000 2:00,10.86,138,,26.5,6,12.5,,33,0,190.5,76.9,3,0,0.01,3.01,,0
6/26/2000 4:00,10.86,138,,25.5,6,12.5,,33,0,190.5,76.9,2,0,0.01,2.01,,0
6/26/2000 6:00,10.86,138,,26,6,12.5,,33,0,190.7,76.9,1,0,0.01,1.01,,0
6/26/2000 8:00,10.86,138,,29,6,12.5,,33,0,190.7,76.9,2.5,0,0.01,2.51,,0
6/26/2000 10:00,10.86,138,,26.5,6,12.5,,33,0,190.7,76.9,1.5,0,0.01,1.51,,0
6/26/2000 12:00,10.86,138,,26.5,6,12.5,,33,0,190.7,76.9,2,0,0.01,2.01,,0
6/26/2000 14:00,10.86,138,,25.5,6,12.5,,33,0,190.4,76.9,3,0,0.01,3.01,,0
6/26/2000 16:00,10.86,138,,25.5,6,12.5,,33,0,190.4,76.9,1.5,0,0.01,1.51,,0
6/26/2000 18:00,10.86,138,,26,6,12.5,,33,0,190.4,76.9,2,0,0.01,2.01,,0
6/26/2000 20:00,10.86,138,,26,6,12.5,,33,0,190.4,76.9,3,0,0.01,3.01,,0
6/26/2000 22:00,10.86,138,,26,6,12.5,,33,0,190.4,76.9,2.5,0,0.01,2.51,,0
6/27/2000 0:00,10.86,138,,26.5,6,12.5,,33,0,190.4,76.9,2,0,0.01,2.01,,0
6/27/2000 2:00,10.86,138,,26,6,12.5,,33,0,190.4,76.9,3,0,0.01,3.01,,0
6/27/2000 4:00,10.86,138,,25.5,6,12.5,,33,0,190.4,76.9,2.5,0,0.01,2.51,,0
6/27/2000 6:00,10.86,138,,25.5,6,12.5,,33,0,190.4,76.9,1.5,0,0.01,1.51,,0
6/27/2000 8:00,10.86,138,,25.5,6,12.5,,33,0,190.4,76.9,2,0,0.01,2.01,,0
6/27/2000 10:00,10.86,138,,26,6,12.5,,33,0,190.4,76.9,3,0,0.01,3.01,,0
6/27/2000 12:00,10.86,138,,25.5,6,12.5,,33,0,190.3,76.9,1,0,0.01,1.01,,0
6/27/2000 14:00,10.86,138,,25.5,6,12.5,,33,0,190.3,76.9,2,0,0.01,2.01,,0
6/27/2000 16:00,10.86,138,,26,6,12.5,,33,0,190.4,76.9,1.5,0,0.01,1.51,,0
6/27/2000 18:00,10.86,138,,26,6,12.5,,33,0,190.3,76.9,3,0,0.01,3.01,,0
6/27/2000 20:00,10.86,138,,26,6,12.5,,33,0,190.3,76.9,2,0,0.01,2.01,,0
6/27/2000 22:00,10.86,138,,25.5,5,12.5,,33,0,190.3,76.9,1.5,0,0.01,1.51,,0
6/28/2000 0:00,10.86,138,,25.5,5,12.5,,33,0,190.3,76.9,2.5,0,0.01,2.51,,0
6/28/2000 2:00,10.86,138,,26,5,12.5,,33,0,190.3,76.9,2,0,0.01,2.01,,0
6/28/2000 4:00,10.86,138,,26,5,12.5,,33,0,190.3,76.9,3,0,0.01,3.01,,0
6/28/2000 6:00,10.86,138,,25.5,5,12.5,,33,0,190.3,76.9,1.5,0,0.01,1.51,,0
6/28/2000 8:00,10.86,138,,26.5,5,12.5,,33,0,190.2,76.9,2,0,0.01,2.01,,0
6/28/2000 10:00,10.86,138,,26,4,12.5,,33,0,190.2,76.9,1,0,0.01,1.01,,0
6/28/2000 12:00,10.86,138,,25.5,4,12.5,,33,0,190.2,76.9,3,0,0.01,3.01,,0
6/28/2000 14:00,10.86,138,,25.5,4,12.5,,33,0,190.3,76.9,1.5,0,0.01,1.51,,0
6/28/2000 16:00,10.86,138,,26.5,4,12.5,,33,0,190.4,76.9,2,0,0.01,2.01,,0
6/28/2000 18:00,10.86,138,,26,4,12.5,,33,0,190.4,76.9,1,0,0.01,1.01,,0
6/28/2000 20:00,10.86,138,,25.5,5,12.5,,33,0,190.4,76.9,3,0,0.01,3.01,,0
6/28/2000 22:00,10.86,138,,25.5,5,12.5,,33,0,190.4,76.9,2.5,0,0.01,2.51,,0
6/29/2000 0:00,10.86,138,,25.5,5,12.5,,33,0,190.4,76.9,1,0,0.01,1.01,,0
6/29/2000 2:00,10.86,138,,26.5,5,12.5,,33,0,190.4,76.9,2,0,0.01,2.01,,0
6/29/2000 4:00,10.86,138,,26.5,5,12.5,,33,0,190.4,76.9,1.5,0,0.01,1.51,,0
6/29/2000 6:00,10.86,138,,26.5,5,12.5,,33,0,190.4,76.9,3,0,0.01,3.01,,0
6/29/2000 8:00,10.86,138,,26,4,12.5,,33,0,190.2,76.9,1.5,0,0.01,1.51,,0
6/29/2000 10:00,10.86,138,,25,4,12.5,,33,0,190.1,76.9,2,0,0.01,2.01,,0
6/29/2000 12:00,10.86,138,,26,4,12.5,,33,0,190.1,76.9,1,0,0.01,1.01,,0
6/29/2000 14:00,10.86,138,,26,4,12.5,,33,0,190,76.9,1.5,0,0.01,1.51,,0
6/29/2000 16:00,10.86,138,,26.5,5,12.5,,33,0,190,76.9,2,0,0.01,2.01,,0
6/29/2000 18:00,10.86,138,,26,5,12.5,,33,0,189.9,76.9,1,0,0.01,1.01,,0
6/29/2000 20:00,10.86,138,,26.5,5,12.5,,33,0,190,76.9,1.5,0,0.01,1.51,,0
6/29/2000 22:00,10.86,138,,26.5,5,12.5,,33,0,190,76.9,2.5,0,0.01,2.51,,0
6/30/2000 0:00,10.86,138,,27,5,12.5,,33,0,190,76.9,2,0,0.01,2.01,,0
6/30/2000 2:00,10.86,138,,27,5,12.5,,33,0,190,76.9,1.5,0,0.01,1.51,,0
6/30/2000 4:00,10.86,138,,26.5,5,12.5,,33,0,190,76.9,3,0,0.01,3.01,,0
6/30/2000 6:00,10.86,138,,26.5,5,12.5,,33,0,190,76.9,1,0,0.01,1.01,,0
6/30/2000 8:00,10.86,138,,26.5,5,12.5,,33,0,190,76.9,2,0,0.01,2.01,,0
6/30/2000 10:00,10.86,138,,26,5,12.5,,33,0,189.9,76.9,1,0,0.01,1.01,,0
6/30/2000 12:00,10.86,138,,26,5,12.5,,33,0,189.9,76.9,2.5,0,0.01,2.51,,0
6/30/2000 14:00,10.86,138,,26,5,12.5,,33,0,189.8,76.9,1.5,0,0.01,1.51,,0
6/30/2000 16:00,10.86,138,,26,5,12.5,,33,0,189.8,76.9,2,0,0.01,2.01,,0
6/30/2000 18:00,10.86,138,,26,5,12.5,,33,0,189.6,76.9,1,0,0.01,1.01,,0
6/30/2000 20:00,10.86,138,,27.5,5,12.5,,33,0,189.6,76.9,2.5,0,0.01,2.51,,0
6/30/2000 22:00,10.86,138,,26.5,5,12.5,,33,0,189.6,76.9,3,0,0.01,3.01,,0
7/1/2000 0:00,10.86,138,,25.5,5,12.5,,33,0,189.6,76.9,1.5,0,0.01,1.51,,0
7/1/2000 2:00,10.86,138,,26.5,5,12.5,,33,0,189.6,76.9,2,0,0.01,2.01,,0
7/1/2000 4:00,10.86,138,,26.5,5,12.5,,33,0,189.6,76.9,1,0,0.01,1.01,,0
7/1/2000 6:00,10.86,138,,25.5,5,12.5,,33,0,189.6,76.9,2.5,0,0.01,2.51,,0
7/1/2000 8:00,10.86,137,,25,5,12.5,,33,0,189.5,76.9,3,0,0.01,3.01,,0
7/1/2000 10:00,10.86,137,,27.5,5,12.5,,33,0,189.5,76.9,1,0,0.01,1.01,,0
7/1/2000 12:00,10.86,137,,26,5,12.5,,33,0,189.4,76.9,1.5,0,0.01,1.51,,0
7/1/2000 14:00,10.86,137,,26,5,12.5,,33,0,189.5,76.9,3,0,0.01,3.01,,0
7/1/2000 16:00,10.86,137,,26,5,12.5,,33,0,189.5,76.9,2,0,0.01,2.01,,0
7/1/2000 18:00,10.86,137,,26.5,5,12.5,,33,0,189.6,76.9,1,0,0.01,1.01,,0
7/1/2000 20:00,10.86,137,,26,5,12.5,,33,0,189.6,76.9,2.5,0,0.01,2.51,,0
7/1/2000 22:00,10.86,137,,25.5,5,12.5,,33,0,189.6,76.9,3,0,0.01,3.01,,0
7/2/2000 0:00,10.86,137,,25.5,5,12.5,,33,0,189.6,76.9,2,0,0.01,2.01,,0
7/2/2000 2:00,10.86,137,,26,5,12.5,,33,0,189.6,76.9,1.5,0,0.01,1.51,,0
7/2/2000 4:00,10.86,137,,26,5,12.5,,33,0,189.6,76.9,3,0,0.01,3.01,,0
7/2/2000 6:00,10.86,137,,26.5,5,12.5,,33,0,189.6,76.9,2.5,0,0.01,2.51,,0
7/2/2000 8:00,10.86,137,,26,4,12.5,,33,0,189.5,76.9,1.5,0,0.01,1.51,,0
7/2/2000 10:00,10.86,137,,26,5,12.5,,33,0,189.4,76.9,2,0,0.01,2.01,,0
7/2/2000 12:00,10.86,137,,26,5,12.5,,33,0,189.3,76.9,1,0,0.01,1.01,,0
7/2/2000 14:00,10.86,137,,25.5,5,12.5,,33,0,189.5,76.9,2,0,0.01,2.01,,0
7/2/2000 16:00,10.86,137,,25.5,5,12.5,,33,0,189.5,76.9,1.5,0,0.01,1.51,,0
7/2/2000 18:00,10.86,137,,25.5,5,12.5,,33,0,189.5,76.9,1,0,0.01,1.01,,0
7/2/2000 20:00,10.86,137,,26,5,12.5,,33,0,189.5,76.9,2.5,0,0.01,2.51,,0
7/2/2000 22:00,10.86,137,,26,5,12.5,,33,0,189.5,76.9,3,0,0.01,3.01,,0
7/3/2000 0:00,10.86,137,,25.5,5,12.5,,33,0,189.5,76.9,1.5,0,0.01,1.51,,0
7/3/2000 2:00,10.86,137,,25.5,5,12.5,,33,0,189.5,76.9,2,0,0.01,2.01,,0
7/3/2000 4:00,10.86,137,,25.5,5,12.5,,33,0,189.5,76.9,2.5,0,0.01,2.51,,0
7/3/2000 6:00,10.86,137,,26,5,12.5,,33,0,189.5,76.9,1,0,0.01,1.01,,0
7/3/2000 8:00,10.86,137,,26,5,12.5,,33,0,189.5,76.9,1,0,0.01,1.01,,0
7/3/2000 10:00,10.86,137,,26,5,12.5,,33,0,189.8,76.9,3,0,0.01,3.01,,0
7/3/2000 12:00,10.86,137,,26,5,12.5,,33,0,189.8,76.9,3,0,0.01,3.01,,0
7/3/2000 14:00,10.86,137,,26,5,12.5,,33,0,189.6,76.9,2.5,0,0.01,2.51,,0
7/3/2000 16:00,10.86,137,,26,5,12.5,,33,0,189.6,76.9,2,0,0.01,2.01,,0
7/3/2000 18:00,10.86,137,,27,5,12.5,,33,0,189.6,76.9,3,0,0.01,3.01,,0
7/3/2000 20:00,10.86,137,,27,5,12.5,,33,0,189.6,76.9,2.5,0,0.01,2.51,,0
7/3/2000 22:00,10.86,137,,27,5,12.5,,33,0,189.7,76.9,3,0,0.01,3.01,,0
7/4/2000 0:00,10.86,137,,26,5,12.5,,33,0,189.8,76.9,1,0,0.01,1.01,,0
7/4/2000 2:00,10.86,137,,26,5,12.5,,33,0,189.5,76.9,2.5,0,0.01,2.51,,0
7/4/2000 4:00,10.86,137,,25.5,5,12.5,,33,0,189.5,76.9,2,0,0.01,2.01,,0
7/4/2000 6:00,10.86,137,,26,5,12.5,,33,0,189.5,76.9,3,0,0.01,3.01,,0
7/4/2000 8:00,10.86,137,,26,5,12.5,,33,0,189.5,76.9,2,0,0.01,2.01,,0
7/4/2000 10:00,10.86,137,,26,5,12.5,,33,0,189.7,76.9,3,0,0.01,3.01,,0
7/4/2000 12:00,10.86,137,,26,5,12.5,,33,0,189.7,76.9,2.5,0,0.01,2.51,,0
7/4/2000 14:00,10.86,137,,26,5,12.5,,33,0,189.7,76.9,3,0,0.01,3.01,,0
7/4/2000 16:00,10.86,137,,26,5,12.5,,33,0,189.7,76.9,2,0,0.01,2.01,,0
7/4/2000 18:00,10.86,137,,26,5,12.5,,33,0,189.7,76.9,1,0,0.01,1.01,,0
7/4/2000 20:00,10.86,137,,26,5,10,,31,0,189.7,76.9,2.5,0,0.01,2.51,,0
7/4/2000 22:00,10.86,137,,26.5,5,10,,31,0,189.7,76.9,2,0,0.01,2.01,,0
7/5/2000 0:00,10.86,137,,26,6,10,,31,0,189.7,76.9,3,0,0.01,3.01,,0
7/5/2000 2:00,10.86,137,,26,6,10,,31,0,189.7,76.9,2.5,0,0.01,2.51,,0
7/5/2000 4:00,10.86,137,,26.5,6,10,,31,0,189.7,76.9,2,0,0.01,2.01,,0
7/5/2000 6:00,10.86,137,,26,6,10,,31,0,189.7,76.9,1,0,0.01,1.01,,0
7/5/2000 8:00,10.86,137,,25.5,5,10,,31,0,189.6,76.9,2,0,0.01,2.01,,0
7/5/2000 10:00,10.86,137,,24.5,5,10,,31,0,189.5,76.9,2.5,0,0.01,2.51,,0
7/5/2000 12:00,10.86,137,,25.5,5,10,,31,0,189.5,76.9,1,0,0.01,1.01,,0
7/5/2000 14:00,10.86,137,,25,5,10,,31,0,189.5,76.9,3,0,0.01,3.01,,0
7/5/2000 16:00,10.86,137,,25,5,10,,31,0,189.4,76.9,1,0,0.01,1.01,,0
7/5/2000 18:00,10.86,137,,25.5,5,10,,31,0,189.4,76.9,2,0,0.01,2.01,,0
7/5/2000 20:00,10.86,137,,25.5,5,10,,31,0,188.3,76.8,1.5,0,0.01,1.51,,0
7/5/2000 22:00,10.86,137,,26,5,10,,31,0,188.3,76.8,1,0,0.01,1.01,,0
7/6/2000 0:00,10.86,137,,26,5,10,,31,0,187.9,76.8,1.5,0,0.01,1.51,,0
7/6/2000 2:00,10.86,136,,26.5,5,10,,31,0,187.9,76.8,2.5,0,0.01,2.51,,0
7/6/2000 4:00,10.86,136,,26.5,6,10,,31,0,187.9,76.8,0.5,0,0.01,0.51,,0
7/6/2000 6:00,10.86,136,,26.5,6,10,,31,0,187.9,76.8,1,0,0.01,1.01,,0
7/6/2000 8:00,10.86,137,,25.5,5,10,,31,0,187.9,76.8,1,0,0.01,1.01,,0
7/6/2000 10:00,10.86,137,,26.5,5,10,,31,0,187.9,76.8,1,0,0.01,1.01,,0
7/6/2000 12:00,10.86,137,,27,5,10,,31,0,188.1,76.8,1,0,0.01,1.01,,0
7/6/2000 14:00,10.86,137,,26,5,10,,31,0,188,76.8,1.5,0,0.01,1.51,,0
7/6/2000 16:00,10.86,137,,26,5,10,,31,0,188,76.8,2,0,0.01,2.01,,0
7/6/2000 18:00,10.86,137,,26,5,10,,31,0,188,76.8,1,0,0.01,1.01,,0
7/6/2000 20:00,10.86,137,,26,5,10,,31,0,187.8,76.8,2,0,0.01,2.01,,0
7/6/2000 22:00,10.86,137,,26,5,10,,31,0,187.7,76.8,2,0,0.01,2.01,,0
7/7/2000 0:00,10.86,137,,26,5,10,,31,0,187.8,76.8,0.5,0,0.01,0.51,,0
7/7/2000 2:00,10.86,137,,26,5,10,,31,0,187.7,76.8,2.5,0,0.01,2.51,,0
7/7/2000 4:00,10.86,137,,26,5,10,,31,0,187.7,76.8,2,0,0.01,2.01,,0
7/7/2000 6:00,10.86,137,,26,5,10,,31,0,187.7,76.8,1,0,0.01,1.01,,0
7/7/2000 8:00,10.86,136,,26,6,10,,31,0,187.9,76.8,3,0,0.01,3.01,,0
7/7/2000 10:00,10.86,135.5,,25,6,10,,31,0,187.9,76.8,2.5,0,0.01,2.51,,0
7/7/2000 12:00,10.86,135.5,,26.5,6,10,,31,0,188.4,76.8,2,0,0.01,2.01,,0
7/7/2000 14:00,10.86,135,,26,6,10,,31,0,188.3,76.8,1.5,0,0.01,1.51,,0
7/7/2000 16:00,10.86,136,,25.5,6,10,,31,0,188.7,76.8,1,0,0.01,1.01,,0
7/7/2000 18:00,10.86,136,,25.5,6,10,,31,0,188.6,76.8,2,0,0.01,2.01,,0
7/7/2000 20:00,10.86,136,,26,6,10,,31,0,188.6,76.8,3,0,0.01,3.01,,0
7/7/2000 22:00,10.86,136,,25,6,10,,31,0,188.6,76.8,1.5,0,0.01,1.51,,0
7/7/2000 0:00,10.86,136,,25.5,6,10,,31,0,188.6,76.8,2,0,0.01,2.01,,0
7/8/2000 2:00,10.86,136,,25.5,6,10,,31,0,188.6,76.8,3,0,0.01,3.01,,0
7/8/2000 4:00,10.86,136,,26,6,10,,31,0,188.6,76.8,2.5,0,0.01,2.51,,0
7/8/2000 6:00,10.86,136,,26,6,10,,31,0,188.6,76.8,1.5,0,0.01,1.51,,0
7/8/2000 8:00,10.86,136,,24.5,6,10,,31,0,188.1,76.8,2,0,0.01,2.01,,0
7/8/2000 10:00,10.86,136,,26,6,10,,31,0,188,76.8,1,0,0.01,1.01,,0
7/8/2000 12:00,10.86,136,,26,6,10,,31,0,188,76.8,3,0,0.01,3.01,,0
7/8/2000 14:00,10.86,136,,25.5,6,10,,31,0,188,76.8,1.5,0,0.01,1.51,,0
7/8/2000 16:00,10.86,136,,25.5,6,10,,31,0,188,76.8,2,0,0.01,2.01,,0
7/8/2000 18:00,10.86,136,,25.5,6,10,,31,0,188,76.8,3,0,0.01,3.01,,0
7/8/2000 20:00,10.86,136,,25.5,6,10,,31,0,188,76.8,2.5,0,0.01,2.51,,0
7/8/2000 22:00,10.86,136,,25.5,6,10,,31,0,188,76.8,2,0,0.01,2.01,,0
7/8/2000 0:00,10.86,136,,25.5,6,10,,31,0,188,76.8,1.5,0,0.01,1.51,,0
7/9/2000 2:00,10.86,136,,25.5,6,10,,31,0,187.8,76.8,1,0,0.01,1.01,,0
7/9/2000 4:00,10.86,136,,25.5,5,10,,31,0,187.8,76.8,1,0,0.01,1.01,,0
7/9/2000 6:00,10.86,136,,25.5,5,10,,31,0,187.8,76.8,3,0,0.01,3.01,,0
7/9/2000 8:00,10.86,136,,25.5,6,10,,31,0,187.7,76.8,1.5,0,0.01,1.51,,0
7/9/2000 10:00,10.86,136,,25,6,10,,31,0,187.7,76.8,2,0,0.01,2.01,,0
7/9/2000 12:00,10.86,136,,25,6,10,,31,0,187.8,76.8,1,0,0.01,1.01,,0
7/9/2000 14:00,10.86,136,,26,6,10,,31,0,187.8,76.8,3,0,0.01,3.01,,0
7/9/2000 16:00,10.86,136,,25,6,10,,31,0,187.9,76.8,1.5,0,0.01,1.51,,0
7/9/2000 18:00,10.86,136,,25,6,10,,31,0,187.9,76.8,2,0,0.01,2.01,,0
7/9/2000 20:00,10.86,136,,25,6,10,,31,0,187.5,76.8,1.5,0,0.01,1.51,,0
7/9/2000 22:00,10.86,136,,25,6,10,,31,0,187.6,76.8,1,0,0.01,1.01,,0
7/9/2000 0:00,10.86,136,,25,6,10,,31,0,187.5,76.7,2.5,0,0.01,2.51,,0
7/10/2000 2:00,10.86,136,,25.5,6,10,,31,0,187.5,76.7,2,0,0.01,2.01,,0
7/10/2000 4:00,10.86,136,,25,6,10,,31,0,187.5,76.7,2,0,0.01,2.01,,0
7/10/2000 6:00,10.86,136,,25,6,10,,31,0,187.4,76.7,1.5,0,0.01,1.51,,0
7/10/2000 8:00,10.86,135,,25,6,10,,31,0,187.5,76.7,2,0,0.01,2.01,,0
7/10/2000 10:00,10.86,135,,25.5,6,10,,31,0,187.5,76.7,1,0,0.01,1.01,,0
7/10/2000 12:00,10.86,135,,26,6,10,,31,0,187.5,76.7,1,0,0.01,1.01,,0
7/10/2000 14:00,10.86,135,,25.5,6,10,,31,0,187.4,76.7,2.5,0,0.01,2.51,,0
7/10/2000 16:00,10.86,134,,25.5,6,10,,31,0,187.4,76.7,1.5,0,0.01,1.51,,0
7/10/2000 18:00,10.86,134,,25.5,6,10,,31,0,187.4,76.7,2,0,0.01,2.01,,0
7/10/2000 20:00,10.86,134,,25.5,6,10,,31,0,187.4,76.7,2.5,0,0.01,2.51,,0
7/10/2000 22:00,10.86,134,,25.5,6,10,,31,0,187.4,76.7,2,0,0.01,2.01,,0
7/10/2000 0:00,10.86,134,,26,6,10,,31,0,187.4,76.7,2.5,0,0.01,2.51,,0
7/11/2000 2:00,10.86,134,,25.5,6,10,,31,0,187.3,76.7,2,0,0.01,2.01,,0
7/11/2000 4:00,10.86,134,,26,6,10,,31,0,187.3,76.7,2.5,0,0.01,2.51,,0
7/11/2000 6:00,10.86,134,,25.5,6,10,,31,0,187.3,76.7,2,0,0.01,2.01,,0
7/11/2000 8:00,10.86,134,,25.5,6,10,,31,0,187.3,76.7,2,0,0.01,2.01,,0
7/11/2000 10:00,10.86,134,,26,6,10,,31,0,187.3,76.7,1.5,0,0.01,1.51,,0
7/11/2000 12:00,10.86,134,,26,6,10,,31,0,187.3,76.7,2.5,0,0.01,2.51,,0
7/11/2000 14:00,10.86,134,,26,6,10,,31,0,187.5,76.7,3,0,0.01,3.01,,0
7/11/2000 16:00,10.86,134,,26,6,10,,31,0,187.4,76.7,1,0,0.01,1.01,,0
7/11/2000 18:00,10.86,134,,26,6,10,,31,0,187.4,76.7,1.5,0,0.01,1.51,,0
7/11/2000 20:00,10.86,134,,26.5,6,10,,31,0,187.4,76.7,2,0,0.01,2.01,,0
7/11/2000 22:00,10.86,134,,26,6,10,,31,0,187.5,76.7,1.5,0,0.01,1.51,,0
7/11/2000 0:00,10.86,134,,25,6,10,,31,0,187.3,76.7,2.5,0,0.01,2.51,,0
7/12/2000 2:00,10.86,134,,26.5,6,10,,31,0,187.3,76.7,2,0,0.01,2.01,,0
7/12/2000 4:00,10.86,134,,26,6,10,,31,0,187.5,76.7,2.5,0,0.01,2.51,,0
7/12/2000 6:00,10.86,134,,25.5,6,10,,31,0,187.6,76.7,2,0,0.01,2.01,,0
7/12/2000 8:00,10.86,134,,25.5,6,10,,31,0,187.4,76.7,1.5,0,0.01,1.51,,0
7/12/2000 10:00,10.86,134,,25.5,6,10,,31,0,187.4,76.7,1,0,0.01,1.01,,0
7/12/2000 12:00,10.86,134,,25.5,6,10,,31,0,187.4,76.7,1.5,0,0.01,1.51,,0
7/12/2000 14:00,10.86,134,,25,6,10,,31,0,187.4,76.7,2,0,0.01,2.01,,0
7/12/2000 16:00,10.86,134,,25.5,6,10,,31,0,187.4,76.7,3,0,0.01,3.01,,0
7/12/2000 18:00,10.86,134,,26,6,10,,31,0,187.4,76.7,1.5,0,0.01,1.51,,0
7/12/2000 20:00,10.86,134,,25,6,10,,31,0,187.6,76.7,2,0,0.01,2.01,,0
7/12/2000 22:00,10.86,134,,25,6,10,,31,0,187.4,76.7,3,0,0.01,3.01,,0
7/12/2000 0:00,10.86,134,,26,6,10,,31,0,187.4,76.7,1.5,0,0.01,1.51,,0
7/13/2000 2:00,10.86,134,,25,6,10,,31,0,187.2,76.7,2,0,0.01,2.01,,0
7/13/2000 4:00,10.86,134,,25.5,6,10,,31,0,187.4,76.7,2.5,0,0.01,2.51,,0
7/13/2000 6:00,10.86,134,,26,6,10,,31,0,187.2,76.7,1.5,0,0.01,1.51,,0
7/13/2000 8:00,10.86,134,,25.5,6,10,,31,0,187.3,76.7,1.5,0,0.01,1.51,,0
7/13/2000 10:00,10.86,134,,25.5,6,10,,31,0,187.3,76.7,1.5,0,0.01,1.51,,0
7/13/2000 12:00,10.86,134,,26,6,10,,31,0,187.3,76.7,3,0,0.01,3.01,,0
7/13/2000 14:00,10.86,134,,26,6,10,,31,0,187.3,76.7,2.5,0,0.01,2.51,,0
7/13/2000 16:00,10.86,134,,25,6,10,,31,0,187.2,76.7,1,0,0.01,1.01,,0
7/13/2000 18:00,10.86,134,,26,6,10,,31,0,187.2,76.7,2,0,0.01,2.01,,0
7/13/2000 20:00,10.86,134,,26,6,10,,31,0,187.3,76.7,2.5,0,0.01,2.51,,0
7/13/2000 22:00,10.86,134,,26,6,10,,31,0,187.3,76.7,2,0,0.01,2.01,,0
7/13/2000 0:00,10.86,134,,25.5,6,10,,31,0,187.3,76.7,1.5,0,0.01,1.51,,0
7/14/2000 2:00,10.86,134,,25.5,6,10,,31,0,187.3,76.7,2,0,0.01,2.01,,0
7/14/2000 4:00,10.86,134,,25,6,10,,31,0,187.3,76.7,2.5,0,0.01,2.51,,0
7/14/2000 6:00,10.86,134,,25.5,6,10,,31,0,187.3,76.7,2,0,0.01,2.01,,0
7/14/2000 8:00,10.86,134,,26.5,6,10,,31,0,187.3,76.7,2,0,0.01,2.01,,0
7/14/2000 10:00,10.86,134,,26.5,6,10,,31,0,187.3,76.7,3,0,0.01,3.01,,0
7/14/2000 12:00,10.86,134,,26.5,6,10,,31,0,187.3,76.7,1.5,0,0.01,1.51,,0
7/14/2000 14:00,10.86,134,,26.5,6,10,,31,0,187.3,76.7,2.5,0,0.01,2.51,,0
7/14/2000 16:00,10.86,134,,25.5,6,10,,31,0,187.1,76.7,2,0,0.01,2.01,,0
7/14/2000 18:00,10.86,134,,25.5,6,10,,31,0,187.1,76.7,1,0,0.01,1.01,,0
7/14/2000 20:00,10.86,134,,25.5,6,10,,31,0,187.1,76.7,2,0,0.01,2.01,,0
7/14/2000 22:00,10.86,134,,25.5,6,10,,31,0,187.1,76.7,2,0,0.01,2.01,,0
7/14/2000 0:00,10.86,134,,25.5,6,10,,31,0,187,76.7,1.5,0,0.01,1.51,,0
7/15/2000 2:00,10.86,134,,26,6,10,,31,0,187.1,76.7,3,0,0.01,3.01,,0
7/15/2000 4:00,10.86,134,,25.5,6,10,,31,0,187.1,76.7,1.5,0,0.01,1.51,,0
7/15/2000 6:00,10.86,134,,25.5,6,10,,31,0,187,76.7,2,0,0.01,2.01,,0
7/15/2000 8:00,10.86,134,,26,6,10,,31,0,187,76.7,2.5,0,0.01,2.51,,0
7/15/2000 10:00,10.86,134,,25.5,6,10,,31,0,187,76.7,3,0,0.01,3.01,,0
7/15/2000 12:00,10.86,134,,25.5,6,10,,31,0,187,76.7,2,0,0.01,2.01,,0
7/15/2000 14:00,10.86,134,,25,6,10,,31,0,187,76.7,1,0,0.01,1.01,,0
7/15/2000 15:21,10.86,134,,33.5,6,10,,31,0,187,76.7,1,0,0.01,1.01,,0
7/15/2000 16:00,10.86,134,,30,6,10,,31,0,187,76.7,1,0,0.01,1.01,,0
7/15/2000 18:00,10.86,134,,26,6,10,,31,0,187,76.7,2,0,0.01,2.01,,0
7/15/2000 20:00,10.86,134,,24.5,6,10,,31,0,187,76.7,1,0,0.01,1.01,,0
7/15/2000 22:00,10.86,134,,25,6,10,,31,0,186.9,76.7,2.5,0,0.01,2.51,,0
7/16/2000 0:00,10.86,134,,23.5,6,10,,31,0,186.9,76.7,2,0,0.01,2.01,,0
7/16/2000 2:00,10.86,134,,23.5,6,10,,31,0,186.9,76.7,1.5,0,0.01,1.51,,0
7/16/2000 4:00,10.86,134,,23.5,6,10,,31,0,186.9,76.7,2.5,0,0.01,2.51,,0
7/16/2000 6:00,10.86,134,,23.5,6,10,,31,0,187,76.7,2,0,0.01,2.01,,0
7/16/2000 8:00,10.86,134,,24,6,10,,31,0,186.9,76.7,1.5,0,0.01,1.51,,0
7/16/2000 10:00,10.86,134,,23.5,6,10,,31,0,187,76.7,1.5,0,0.01,1.51,,0
7/16/2000 12:00,10.86,134,,23.5,6,10,,31,0,187,76.7,2.5,0,0.01,2.51,,0
7/16/2000 14:00,10.86,134,,23.5,6,10,,31,0,186.9,76.7,2.5,0,0.01,2.51,,0
7/16/2000 16:00,10.86,134,,25,6,10,,31,0,186.9,76.7,2,0,0.01,2.01,,0
7/16/2000 16:40,10.86,134,,24,6,10,,31,0,186.9,76.7,1.5,0,0.01,1.51,,0
7/16/2000 18:00,10.86,134,,21,6,10,,31,0,186.9,76.7,2,0,0.01,2.01,,0
7/16/2000 20:00,10.86,134,,21.5,6,10,,31,0,186.8,76.7,1.5,0,0.01,1.51,,0
7/16/2000 22:00,10.86,134,,22.5,6,10,,31,0,186.8,76.7,2,0,0.01,2.01,,0
7/16/2000 0:00,10.86,134,,22,6,10,,31,0,187.1,76.7,3,0,0.01,3.01,,0
7/17/2000 2:00,10.86,134,,22.5,6,10,,31,0,186.8,76.7,1,0,0.01,1.01,,0
7/17/2000 4:00,10.86,134,,22.5,6,10,,31,0,186.9,76.7,2,0,0.01,2.01,,0
7/17/2000 6:00,10.86,134,,23,5,10,,31,0,186.9,76.7,1.5,0,0.01,1.51,,0
7/17/2000 8:00,10.86,134,,23.5,5,10,,31,0,186.8,76.7,2.5,0,0.01,2.51,,0
7/17/2000 10:00,10.86,134,,24,5,10,,31,0,186.8,76.7,3,0,0.01,3.01,,0
7/17/2000 12:00,10.86,134,,24,5,10,,31,0,186.8,76.7,1.5,0,0.01,1.51,,0
7/17/2000 14:00,10.86,134,,24,6,10,,31,0,186.7,76.7,1,0,0.01,1.01,,0
7/17/2000 16:00,10.86,134,,24.5,6,10,,31,0,186.5,76.7,2,0,0.01,2.01,,0
7/17/2000 18:00,10.86,134,,24.5,6,10,,31,0,186.5,76.7,1,0,0.01,1.01,,0
7/17/2000 20:00,10.86,134,,25,6,10,,31,0,186.7,76.7,1.5,0,0.01,1.51,,0
7/17/2000 22:00,10.86,134,,25,6,10,,31,0,186.7,76.7,2,0,0.01,2.01,,0
7/17/2000 0:00,10.86,134,,24.5,6,10,,31,0,186.7,76.7,2.5,0,0.01,2.51,,0
7/18/2000 2:00,10.86,134,,25,6,10,,31,0,186.5,76.7,2,0,0.01,2.01,,0
7/18/2000 4:00,10.86,134,,25,6,10,,31,0,186.5,76.7,1.5,0,0.01,1.51,,0
7/18/2000 6:00,10.86,134,,25,6,10,,31,0,186.5,76.7,1,0,0.01,1.01,,0
7/18/2000 8:00,10.86,134,,24.5,6,10,,31,0,186.7,76.7,2,0,0.01,2.01,,0
7/18/2000 10:00,10.86,134,,24,6,10,,31,0,186.7,76.7,2.5,0,0.01,2.51,,0
7/18/2000 12:00,10.86,134,,24,6,10,,31,0,186.7,76.7,1.5,0,0.01,1.51,,0
7/18/2000 14:00,10.86,134,,24.5,6,10,,31,0,186.7,76.7,3,0,0.01,3.01,,0
7/18/2000 16:00,10.86,134,,26.5,6,10,,31,0,186.7,76.7,1,0,0.01,1.01,,0
7/18/2000 18:00,10.86,134,,26,6,10,,31,0,186.7,76.7,1.5,0,0.01,1.51,,0
7/18/2000 20:00,10.86,134,,26,6,10,,31,0,186.7,76.7,2,0,0.01,2.01,,0
7/18/2000 22:00,10.86,134,,25.5,6,10,,31,0,186.7,76.7,2.5,0,0.01,2.51,,0
7/18/2000 0:00,10.86,134,,25.5,6,10,,31,0,186.7,76.7,1,0,0.01,1.01,,0
7/19/2000 2:00,10.86,134,,25.5,6,10,,31,0,186.4,76.7,2,0,0.01,2.01,,0
7/19/2000 4:00,10.86,134,,25.5,6,10,,31,0,186.4,76.7,1.5,0,0.01,1.51,,0
7/19/2000 6:00,10.86,134,,25.5,6,10,,31,0,186.4,76.7,2.5,0,0.01,2.51,,0
7/19/2000 8:00,10.86,134,,25,6,10,,31,0,186.5,76.7,3,0,0.01,3.01,,0
7/19/2000 10:00,10.86,134,,25,6,10,,31,0,186.6,76.7,1,0,0.01,1.01,,0
7/19/2000 12:00,10.86,134,,25,6,10,,31,0,186.6,76.7,2,0,0.01,2.01,,0
7/19/2000 14:00,10.86,134,,25,6,10,,31,0,186.6,76.7,1.5,0,0.01,1.51,,0
7/19/2000 16:00,10.86,134,,25,6,10,,31,0,186.6,76.7,1,0,0.01,1.01,,0
7/19/2000 18:00,10.86,134,,25,6,10,,31,0,186.6,76.7,2,0,0.01,2.01,,0
7/19/2000 20:00,10.86,134,,25,6,10,,31,0,186.6,76.7,1.5,0,0.01,1.51,,0
7/19/2000 22:00,10.86,134,,25.5,6,10,,31,0,186.6,76.7,2.5,0,0.01,2.51,,0
7/19/2000 0:00,10.86,134,,25.5,6,10,,31,0,186.7,76.7,2,0,0.01,2.01,,0
7/20/2000 2:00,10.86,134,,26,6,10,,31,0,186.7,76.7,1.5,0,0.01,1.51,,0
7/20/2000 4:00,10.86,134,,26,6,10,,31,0,186.7,76.7,1,0,0.01,1.01,,0
7/20/2000 6:00,10.86,134,,26,6,10,,31,0,186.7,76.7,2,0,0.01,2.01,,0
7/20/2000 8:00,10.86,134,,25.5,6,10,,31,0,186.6,76.7,3,0,0.01,3.01,,0
7/20/2000 10:00,10.86,134,,23.5,6,10,,31,0,186.5,76.7,1.5,0,0.01,1.51,,0
7/20/2000 12:00,10.86,134,,24,6,10,,31,0,186.4,76.7,1,0,0.01,1.01,,0
7/20/2000 14:00,10.86,134,,24,6,10,,31,0,186.4,76.7,2,0,0.01,2.01,,0
7/20/2000 16:00,10.86,134,,24,6,10,,31,0,186.2,76.7,1.5,0,0.01,1.51,,0
7/20/2000 18:00,10.86,134,,23.5,6,10,,31,0,186.2,76.7,1,0,0.01,1.01,,0
7/20/2000 20:00,10.86,134,,25.5,6,10,,31,0,186.2,76.7,2,0,0.01,2.01,,0
7/20/2000 22:00,10.86,134,,26.5,6,10,,31,0,186.2,76.7,2.5,0,0.01,2.51,,0
7/20/2000 0:00,10.86,134,,25.5,6,10,,31,0,186.2,76.7,2,0,0.01,2.01,,0
7/21/2000 2:00,10.86,134,,25.5,6,10,,31,0,186.3,76.7,1.5,0,0.01,1.51,,0
7/21/2000 4:00,10.86,134,,25.5,6,10,,31,0,186.3,76.7,1,0,0.01,1.01,,0
7/21/2000 6:00,10.86,134,,25.5,6,10,,31,0,186.3,76.7,2.5,0,0.01,2.51,,0
7/21/2000 8:00,10.86,134,,25,6,10,,31,0,186.3,76.7,1,0,0.01,1.01,,0
7/21/2000 10:00,10.86,134,,25,6,10,,31,0,186.3,76.7,3,0,0.01,3.01,,0
7/21/2000 12:00,10.86,134,,25.5,6,10,,31,0,186.4,76.7,1.5,0,0.01,1.51,,0
7/21/2000 14:00,10.86,134,,25.5,6,10,,31,0,186.4,76.7,2,0,0.01,2.01,,0
7/21/2000 16:00,10.86,134,,25,6,10,,31,0,186.5,76.7,2.5,0,0.01,2.51,,0
7/21/2000 18:00,10.86,134,,25,6,10,,31,0,186.4,76.7,1.5,0,0.01,1.51,,0
7/21/2000 20:00,10.86,134,,25.5,6,10,,31,0,186.6,76.7,1,0,0.01,1.01,,0
7/21/2000 22:00,10.86,134,,25.5,6,10,,31,0,186.6,76.7,2,0,0.01,2.01,,0
7/21/2000 0:00,10.86,134,,25.5,6,10,,31,0,186.6,76.7,2.5,0,0.01,2.51,,0
7/22/2000 2:00,10.86,134,,25.5,6,10,,31,0,186.6,76.7,1,0,0.01,1.01,,0
7/22/2000 4:00,10.86,134,,25.5,6,10,,31,0,186.6,76.7,2,0,0.01,2.01,,0
7/22/2000 6:00,10.86,134,,25.5,6,10,,31,0,186.6,76.7,1.5,0,0.01,1.51,,0
7/22/2000 8:00,10.86,134,,25.5,6,10,,31,0,186.6,76.7,2.5,0,0.01,2.51,,0
7/22/2000 10:00,10.86,134,,25,6,10,,31,0,186.6,76.7,1,0,0.01,1.01,,0
7/22/2000 12:00,10.86,134,,25,6,10,,31,0,186.6,76.7,1.5,0,0.01,1.51,,0
7/22/2000 14:00,10.86,134,,25,6,10,,31,0,186.6,76.7,2,0,0.01,2.01,,0
7/22/2000 16:00,10.86,134,,25,6,10,,31,0,186.2,76.6,1,0,0.01,1.01,,0
7/22/2000 18:00,10.86,134,,25.5,6,10,,31,0,186.3,76.6,3,0,0.01,3.01,,0
7/22/2000 20:00,10.86,134,,25.5,6,10,,31,0,186.3,76.6,2.5,0,0.01,2.51,,0
7/22/2000 22:00,10.86,134,,25.5,6,10,,31,0,186.5,76.6,2,0,0.01,2.01,,0
7/22/2000 0:00,10.86,134,,24.5,6,10,,31,0,186.5,76.6,1,0,0.01,1.01,,0
7/23/2000 2:00,10.86,134,,25.5,6,10,,31,0,186.5,76.6,1.5,0,0.01,1.51,,0
7/23/2000 4:00,10.86,134,,25.5,6,10,,31,0,186.5,76.6,2,0,0.01,2.01,,0
7/23/2000 6:00,10.86,134,,25.5,6,10,,31,0,186.5,76.6,2.5,0,0.01,2.51,,0
7/23/2000 8:00,10.86,134,,25.5,6,10,,31,0,186.5,76.6,2,0,0.01,2.01,,0
7/23/2000 10:00,10.86,134,,25,6,10,,31,0,186.5,76.6,1.5,0,0.01,1.51,,0
7/23/2000 12:00,10.86,134,,25,6,10,,31,0,186.5,76.6,2.5,0,0.01,2.51,,0
7/23/2000 14:00,10.86,134,,25,6,10,,31,0,186.5,76.6,1,0,0.01,1.01,,0
7/23/2000 16:00,10.86,134,,25,6,10,,31,0,186.4,76.6,2,0,0.01,2.01,,0
7/23/2000 18:00,10.86,134,,25,6,10,,31,0,186.5,76.7,2,0,0.01,2.01,,0
7/23/2000 20:00,10.86,134,,25,6,10,,31,0,186.5,76.7,1.5,0,0.01,1.51,,0
7/23/2000 22:00,10.86,134,,25,6,10,,31,0,186.5,76.7,1,0,0.01,1.01,,0
7/23/2000 0:00,10.86,134,,24.5,6,10,,31,0,186.5,76.7,2,0,0.01,2.01,,0
7/24/2000 2:00,10.86,134,,24.5,6,10,,31,0,186.3,76.7,2.5,0,0.01,2.51,,0
7/24/2000 4:00,10.86,134,,24.5,6,10,,31,0,186.3,76.7,1,0,0.01,1.01,,0
7/24/2000 6:00,10.86,134,,26,6,10,,31,0,186.2,76.7,3,0,0.01,3.01,,0
7/24/2000 8:00,10.86,134,,26,6,10,,31,0,186.4,76.7,2,0,0.01,2.01,,0
7/24/2000 10:00,10.86,134,,24.5,6,10,,31,0,186.4,76.7,1.5,0,0.01,1.51,,0
7/24/2000 12:00,10.86,134,,24.5,6,10,,31,0,186.4,76.7,2.5,0,0.01,2.51,,0
7/24/2000 14:00,10.86,134,,25.5,6,10,,31,0,186.4,76.7,2,0,0.01,2.01,,0
7/24/2000 16:00,10.86,134,,25,6,10,,31,0,186.4,76.7,1,0,0.01,1.01,,0
7/24/2000 18:00,10.86,134,,25.5,6,10,,31,0,186.4,76.7,1.5,0,0.01,1.51,,0
7/24/2000 20:00,10.86,134,,25,6,10,,31,0,186.4,76.7,2,0,0.01,2.01,,0
7/24/2000 22:00,10.86,134,,25,6,10,,31,0,186.4,76.7,2.5,0,0.01,2.51,,0
7/25/2000 0:00,10.86,134,,25,6,10,,31,0,186.4,76.7,1.5,0,0.01,1.51,,0
7/25/2000 2:00,10.86,134,,25,6,10,,31,0,186.4,76.7,2,0,0.01,2.01,,0
7/25/2000 4:00,10.86,134,,25.5,6,10,,31,0,186.4,76.7,1,0,0.01,1.01,,0
7/25/2000 6:00,10.86,134,,25.5,6,10,,31,0,186,76.7,2.5,0,0.01,2.51,,0
7/25/2000 8:00,10.86,134,,25.5,6,10,,31,0,186,76.7,2,0,0.01,2.01,,0
7/25/2000 10:00,10.86,134,,24.5,6,10,,31,0,186,76.7,1.5,0,0.01,1.51,,0
7/25/2000 12:00,10.86,134,,25.5,6,10,,31,0,186,76.7,1,0,0.01,1.01,,0
7/25/2000 14:00,10.86,134,,25.5,6,10,,31,0,186,76.7,2.5,0,0.01,2.51,,0
7/25/2000 16:00,10.86,134,,25.5,6,10,,31,0,186,76.7,2,0,0.01,2.01,,0
7/25/2000 18:00,10.86,134,,25.5,6,10,,31,0,186,76.7,1.5,0,0.01,1.51,,0
7/25/2000 20:00,10.86,134,,25.5,6,10,,31,0,186,76.7,1,0,0.01,1.01,,0
7/25/2000 22:00,10.86,134,,25.5,6,10,,31,0,185.7,76.6,2.5,0,0.01,2.51,,0
7/26/2000 0:00,10.86,134,,25.5,6,10,,31,0,185.7,76.6,1.5,0,0.01,1.51,,0
7/26/2000 2:00,10.86,134,,25.5,6,10,,31,0,185.7,76.6,2,0,0.01,2.01,,0
7/26/2000 4:00,10.86,134,,25.5,6,10,,31,0,185.7,76.6,1,0,0.01,1.01,,0
7/26/2000 6:00,10.86,134,,25.5,6,10,,31,0,185.7,76.6,1.5,0,0.01,1.51,,0
7/26/2000 8:00,10.86,134,,29,6,10,,31,0,185.7,76.6,1,0,0.01,1.01,,0
7/26/2000 10:00,10.86,134,,27,6,10,,31,0,185.7,76.6,2.5,0,0.01,2.51,,0
7/26/2000 12:00,10.86,134,,25,6,10,,31,0,185.7,76.6,2,0,0.01,2.01,,0
7/26/2000 14:00,10.86,134,,24.5,6,10,,31,0,185.7,76.6,1,0,0.01,1.01,,0
7/26/2000 16:00,10.86,134,,25.5,6,10,,31,0,185.7,76.6,1.5,0,0.01,1.51,,0
7/26/2000 18:00,10.86,134,,24.5,6,10,,31,0,185.7,76.6,2,0,0.01,2.01,,0
7/26/2000 20:00,10.86,134,,24.5,6,10,,31,0,185.7,76.6,1,0,0.01,1.01,,0
7/26/2000 22:00,10.86,134,,24.5,6,10,,31,0,185.7,76.6,2.5,0,0.01,2.51,,0
7/27/2000 0:00,10.86,134,,25,6,10,,31,0,185.7,76.6,1.5,0,0.01,1.51,,0
7/27/2000 2:00,10.86,134,,25,6,10,,31,0,185.7,76.6,0.8,0,0.01,0.81,,0
7/27/2000 4:00,10.86,134,,25,6,10,,31,0,185.5,76.6,1,0,0.01,1.01,,0
7/27/2000 6:00,10.86,134,,25,6,10,,31,0,185.5,76.6,2,0,0.01,2.01,,0
7/27/2000 8:00,10.86,134,,25,6,10,,31,0,185.5,76.6,1.5,0,0.01,1.51,,0
7/27/2000 10:00,10.86,134,,25,6,10,,31,0,185.5,76.6,1,0,0.01,1.01,,0
7/27/2000 12:00,10.86,134,,25.5,6,10,,31,0,185.5,76.6,2,0,0.01,2.01,,0
7/27/2000 14:00,10.86,134,,25.5,6,10,,31,0,185.5,76.6,1.5,0,0.01,1.51,,0
7/27/2000 16:00,10.86,134,,25,6,10,,31,0,185.5,76.6,1,0,0.01,1.01,,0
7/27/2000 18:00,10.86,134,,25,6,10,,31,0,185.5,76.6,2,0,0.01,2.01,,0
7/27/2000 20:00,10.86,134,,25.5,6,10,,31,0,185.5,76.6,2.5,0,0.01,2.51,,0
7/27/2000 22:00,10.86,134,,25.5,6,10,,31,0,185.5,76.6,0.8,0,0.01,0.81,,0
7/28/2000 0:00,10.86,133,,25,6,10,,31,0,185.5,76.6,1,0,0.01,1.01,,0
7/28/2000 2:00,10.86,133,,25,6,10,,31,0,185.4,76.6,1.5,0,0.01,1.51,,0
7/28/2000 4:00,10.86,133,,25,6,10,,31,0,185.4,76.6,1,0,0.01,1.01,,0
7/28/2000 6:00,10.86,133,,25,6,10,,31,0,185.4,76.6,2,0,0.01,2.01,,0
7/28/2000 8:00,10.86,133,,25.5,6,10,,31,0,185.4,76.6,2.5,0,0.01,2.51,,0
7/28/2000 10:00,10.86,133,,25.5,6,10,,31,0,185.4,76.6,1,0,0.01,1.01,,0
7/28/2000 12:00,10.86,133,,24.5,6,10,,31,0,185.4,76.6,2,0,0.01,2.01,,0
7/28/2000 14:00,10.86,133,,24.5,6,10,,31,0,185.4,76.6,1.5,0,0.01,1.51,,0
7/28/2000 16:00,10.86,133,,24.5,6,10,,31,0,185.4,76.6,1,0,0.01,1.01,,0
7/28/2000 18:00,10.86,133,,25.5,6,10,,31,0,185.4,76.6,2,0,0.01,2.01,,0
7/28/2000 20:00,10.86,133,,25,6,10,,31,0,185.4,76.6,0.5,0,0.01,0.51,,0
7/28/2000 22:00,10.86,133,,25,6,10,,31,0,185.4,76.6,1,0,0.01,1.01,,0
7/29/2000 0:00,10.86,133,,24.5,6,10,,31,0,185.4,76.6,2,0,0.01,2.01,,0
7/29/2000 2:00,10.86,133,,24.5,6,10,,31,0,185.4,76.6,1.5,0,0.01,1.51,,0
7/29/2000 4:00,10.86,133,,25,6,10,,31,0,185.7,76.6,2.5,0,0.01,2.51,,0
7/29/2000 6:00,10.86,133,,25,6,10,,31,0,185.7,76.6,1,0,0.01,1.01,,0
7/29/2000 8:00,10.86,133,,25.5,6,10,,31,0,185.7,76.6,2,0,0.01,2.01,,0
7/29/2000 10:00,10.86,133,,25.5,6,10,,31,0,185.7,76.6,1.5,0,0.01,1.51,,0
7/29/2000 12:00,10.86,133,,25.5,6,10,,31,0,185.7,76.6,1,0,0.01,1.01,,0
7/29/2000 14:00,10.86,133,,25.5,6,10,,31,0,185.7,76.6,2,0,0.01,2.01,,0
7/29/2000 16:00,10.86,133,,25,6,10,,31,0,185.7,76.6,1.5,0,0.01,1.51,,0
7/29/2000 18:00,10.86,133,,25.5,6,10,,31,0,185.7,76.6,1,0,0.01,1.01,,0
7/29/2000 20:00,10.86,133,,25,6,10,,31,0,185.7,76.6,0.8,0,0.01,0.81,,0
7/29/2000 22:00,10.86,133,,25,6,10,,31,0,185.7,76.6,1.5,0,0.01,1.51,,0
7/30/2000 0:00,10.86,133,,25,5,10,,31,0,185.7,76.6,2,0,0.01,2.01,,0
7/30/2000 2:00,10.86,133,,25,5,10,,31,0,185.7,76.6,1,0,0.01,1.01,,0
7/30/2000 4:00,10.86,133,,25,5,10,,31,0,185.3,76.6,2.5,0,0.01,2.51,,0
7/30/2000 6:00,10.86,133,,25,5,10,,31,0,185.3,76.6,1.5,0,0.01,1.51,,0
7/30/2000 8:00,10.86,133,,25,5,10,,31,0,185.3,76.6,2,0,0.01,2.01,,0
7/30/2000 10:00,10.86,133,,25,5,10,,31,0,185.3,76.6,1,0,0.01,1.01,,0
7/30/2000 12:00,10.86,133,,25.5,5,10,,31,0,185.3,76.6,1.5,0,0.01,1.51,,0
7/30/2000 14:00,10.86,133,,25.5,5,10,,31,0,185.3,76.6,2,0,0.01,2.01,,0
7/30/2000 16:00,10.86,133,,26,5,10,,31,0,185.3,76.6,1,0,0.01,1.01,,0
7/30/2000 18:00,10.86,133,,25.5,5,10,,31,0,185.3,76.6,1.5,0,0.01,1.51,,0
7/30/2000 20:00,10.86,133,,25.5,5,10,,31,0,185.3,76.6,2,0,0.01,2.01,,0
7/30/2000 22:00,10.86,133,,25,5,10,,31,0,185.3,76.6,0.8,0,0.01,0.81,,0
7/31/2000 0:00,10.86,133,,25,5,10,,31,0,185.3,76.6,0.5,0,0.01,0.51,,0
7/31/2000 2:00,10.86,133,,24.5,5,10,,31,0,185.3,76.6,1,0,0.01,1.01,,0
7/31/2000 4:00,10.86,133,,24.5,5,10,,31,0,185.3,76.6,2,0,0.01,2.01,,0
7/31/2000 6:00,10.86,133,,25,5,10,,31,0,185.3,76.6,1.5,0,0.01,1.51,,0
7/31/2000 8:00,10.86,133,,25,5,10,,31,0,185.3,76.6,1,0,0.01,1.01,,0
7/31/2000 10:00,10.86,133,,25,5,10,,31,0,185.3,76.6,2,0,0.01,2.01,,0
7/31/2000 12:00,10.86,133,,25,5,10,,31,0,185.3,76.6,1,0,0.01,1.01,,0
7/31/2000 14:00,10.86,133,,24.5,5,10,,31,0,185.3,76.6,1.5,0,0.01,1.51,,0
7/31/2000 16:00,10.86,133,,25,5,10,,31,0,185.3,76.6,1.5,0,0.01,1.51,,0
7/31/2000 18:00,10.86,133,,24.5,5,10,,31,0,185.3,76.6,2,0,0.01,2.01,,0
7/31/2000 20:00,10.86,133,,25,5,10,,31,0,185.3,76.6,1.5,0,0.01,1.51,,0
7/31/2000 22:00,10.86,133,,25,5,10,,31,0,185.2,76.6,1.5,0,0.01,1.51,,0
8/1/2000 0:00,10.86,133,,25,5,10,,31,0,185,76.6,2.5,0,0.01,2.51,,0
8/1/2000 2:00,10.86,133,,25,5,10,,31,0,185.1,76.6,1,0,0.01,1.01,,0
8/1/2000 4:00,10.86,133,,24.5,5,10,,31,0,184.9,76.6,2,0,0.01,2.01,,0
8/1/2000 6:00,10.86,133,,24.5,5,10,,31,0,185.1,76.6,1.5,0,0.01,1.51,,0
8/1/2000 8:00,10.86,133,,24.5,5,10,,31,0,185.2,76.6,2,0,0.01,2.01,,0
8/1/2000 10:00,10.86,133,,24.5,6,10,,31,0,185.2,76.6,1.5,0,0.01,1.51,,0
8/1/2000 12:00,10.86,133,,25.5,6,10,,31,0,185.1,76.6,1,0,0.01,1.01,,0
8/1/2000 14:00,10.86,133,,25.5,6,10,,31,0,185.1,76.6,2,0,0.01,2.01,,0
8/1/2000 16:00,10.86,133,,25,6,10,,31,0,185.1,76.6,1.5,0,0.01,1.51,,0
8/1/2000 18:00,10.86,133,,25,6,10,,31,0,185.1,76.6,1.5,0,0.01,1.51,,0
8/1/2000 20:00,10.86,133,,24.5,6,10,,31,0,184.7,76.6,2.5,0,0.01,2.51,,0
8/1/2000 22:00,10.86,133,,25.5,6,10,,31,0,184.5,76.6,2,0,0.01,2.01,,0
8/2/2000 0:00,10.86,133,,25,6,10,,31,0,184.2,76.6,1.5,0,0.01,1.51,,0
8/2/2000 2:00,10.86,133,,26,6,10,,31,0,184.5,76.6,2.5,0,0.01,2.51,,0
8/2/2000 4:00,10.86,133,,25,6,10,,31,0,184.6,76.6,2,0,0.01,2.01,,0
8/2/2000 6:00,10.86,133,,24.5,6,10,,31,0,184.6,76.6,1.5,0,0.01,1.51,,0
8/2/2000 8:00,10.86,133,,25,6,10,,31,0,184.7,76.6,1.5,0,0.01,1.51,,0
8/2/2000 10:00,10.86,133,,25,6,10,,31,0,184.7,76.6,2,0,0.01,2.01,,0
8/2/2000 12:00,10.86,133,,25,6,10,,31,0,184.7,76.6,1,0,0.01,1.01,,0
8/2/2000 14:00,10.86,133,,25,6,10,,31,0,184.9,76.6,1.5,0,0.01,1.51,,0
8/2/2000 16:00,10.86,133,,24.5,6,10,,31,0,185,76.6,2,0,0.01,2.01,,0
8/2/2000 18:00,10.86,133,,25,6,10,,31,0,185,76.6,2,0,0.01,2.01,,0
8/2/2000 20:00,10.86,133,,25,6,10,,31,0,185.1,76.6,1,0,0.01,1.01,,0
8/2/2000 22:00,10.86,133,,25.5,6,10,,31,0,185.1,76.6,1.5,0,0.01,1.51,,0
8/3/2000 0:00,10.86,132,,25.5,6,10,,31,0,185.1,76.6,1,0,0.01,1.01,,0
8/3/2000 2:00,10.86,132,,24.5,6,10,,31,0,185.1,76.6,2,0,0.01,2.01,,0
8/3/2000 4:00,10.86,132,,24.5,6,10,,31,0,185,76.6,1.5,0,0.01,1.51,,0
8/3/2000 6:00,10.86,132,,25.5,6,10,,31,0,185.1,76.6,1.5,0,0.01,1.51,,0
8/3/2000 8:00,10.86,132,,25,6,10,,31,0,184.9,76.6,2,0,0.01,2.01,,0
8/3/2000 10:00,10.86,132,,24,6,10,,31,0,185.2,76.6,1.5,0,0.01,1.51,,0
8/3/2000 12:00,10.86,132,,24.5,6,10,,31,0,185.3,76.6,1.5,0,0.01,1.51,,0
8/3/2000 14:00,10.86,132,,25,6,10,,31,0,185.4,76.6,1,0,0.01,1.01,,0
8/3/2000 16:00,10.86,132,,25,6,10,,31,0,185.3,76.6,1,0,0.01,1.01,,0
8/3/2000 18:00,10.86,132,,24.5,6,10,,31,0,185.3,76.6,1.5,0,0.01,1.51,,0
8/3/2000 20:00,10.86,132,,25,6,10,,31,0,185,76.6,2.5,0,0.01,2.51,,0
8/3/2000 22:00,10.86,132,,25.5,6,10,,31,0,184.9,76.6,2,0,0.01,2.01,,0
8/4/2000 0:00,10.86,133,,24.5,6,10,,31,0,185,76.6,2.5,0,0.01,2.51,,0
8/4/2000 2:00,10.86,133,,24.5,6,10,,31,0,184.9,76.6,2,0,0.01,2.01,,0
8/4/2000 4:00,10.86,133,,24.5,6,10,,31,0,185.3,76.6,1.5,0,0.01,1.51,,0
8/4/2000 6:00,10.86,133,,24,6,10,,31,0,185.7,76.6,2,0,0.01,2.01,,0
8/4/2000 8:00,10.86,132,,24,6,10,,31,0,184.5,76.6,2,0,0.01,2.01,,0
8/4/2000 10:00,10.86,132,,23.5,6,10,,31,0,184.9,76.6,1.5,0,0.01,1.51,,0
8/4/2000 12:00,10.86,132,,24,6,10,,31,0,186.4,76.6,1.5,0,0.01,1.51,,0
8/4/2000 14:00,10.86,132,,24,6,10,,31,0,186.4,76.6,1,0,0.01,1.01,,0
8/4/2000 16:00,10.86,132,,24,6,10,,31,0,185.8,76.6,1,0,0.01,1.01,,0
8/4/2000 18:00,10.86,132,,24,6,10,,31,0,185.8,76.6,2,0,0.01,2.01,,0
8/4/2000 20:00,10.86,132,,26,6,10,,31,0,186.3,76.6,1.5,0,0.01,1.51,,0
8/4/2000 22:00,10.86,132,,26,6,10,,31,0,186.3,76.6,2,0,0.01,2.01,,0
8/5/2000 0:00,10.86,133,,24,6,10,,31,0,186,76.6,1.5,0,0.01,1.51,,0
8/5/2000 2:00,10.86,133,,24.5,6,10,,31,0,186,76.6,1,0,0.01,1.01,,0
8/5/2000 4:00,10.86,133,,24.5,6,10,,31,0,186,76.6,2,0,0.01,2.01,,0
8/5/2000 6:00,10.86,133,,24,6,10,,31,0,185.8,76.6,0.5,0,0.01,0.51,,0
8/5/2000 8:00,10.86,133,,24.5,6,10,,31,0,185.6,76.6,0.5,0,0.01,0.51,,0
8/5/2000 10:00,10.86,133,,24.5,6,10,,31,0,185.6,76.6,1.5,0,0.01,1.51,,0
8/5/2000 12:00,10.86,133,,24,6,10,,31,0,185.8,76.6,1,0,0.01,1.01,,0
8/5/2000 14:00,10.86,133,,24.5,6,10,,31,0,185.8,76.6,1,0,0.01,1.01,,0
8/5/2000 16:00,10.86,133,,24.5,6,10,,31,0,186,76.6,0.5,0,0.01,0.51,,0
8/5/2000 18:00,10.86,133,,24.5,6,10,,31,0,186,76.6,1.5,0,0.01,1.51,,0
8/5/2000 20:00,10.86,133,,25,6,10,,31,0,185.9,76.6,2,0,0.01,2.01,,0
8/5/2000 22:00,10.86,133,,24,6,10,,31,0,185.7,76.6,1.5,0,0.01,1.51,,0
8/6/2000 0:00,10.86,133,,24,6,10,,31,0,185.8,76.6,2,0,0.01,2.01,,0
8/6/2000 2:00,10.86,133,,24,6,10,,31,0,185.7,76.6,1.5,0,0.01,1.51,,0
8/6/2000 4:00,10.86,133,,24,6,10,,31,0,185.6,76.6,2.5,0,0.01,2.51,,0
8/6/2000 6:00,10.86,133,,24.5,6,10,,31,0,185.7,76.6,1.5,0,0.01,1.51,,0
8/6/2000 8:00,10.86,133,,25,6,10,,31,0,185.4,76.6,0.5,0,0.01,0.51,,0
8/6/2000 10:00,10.86,133,,25,6,10,,31,0,185.4,76.6,1,0,0.01,1.01,,0
8/6/2000 12:00,10.86,133,,23.5,6,10,,31,0,185.4,76.6,2,0,0.01,2.01,,0
8/6/2000 14:00,10.86,133,,23.5,6,10,,31,0,185.5,76.6,0.5,0,0.01,0.51,,0
8/6/2000 16:00,10.86,133,,24.5,6,10,,31,0,185.6,76.6,1,0,0.01,1.01,,0
8/6/2000 18:00,10.86,133,,24.5,6,10,,31,0,185.6,76.6,1,0,0.01,1.01,,0
8/6/2000 20:00,10.86,133,,24.5,6,10,,31,0,185.5,76.6,2,0,0.01,2.01,,0
8/6/2000 22:00,10.86,133,,25,6,10,,31,0,185.5,76.6,0.5,0,0.01,0.51,,0
8/7/2000 0:00,10.86,133,,24,6,10,,31,0,185.4,76.6,1,0,0.01,1.01,,0
8/7/2000 2:00,10.86,133,,24,6,10,,31,0,185.5,76.6,2,0,0.01,2.01,,0
8/7/2000 4:00,10.86,133,,24.5,6,10,,31,0,185.3,76.6,1.5,0,0.01,1.51,,0
8/7/2000 6:00,10.86,133,,24.5,6,10,,31,0,185.2,76.6,0.5,0,0.01,0.51,,0
8/7/2000 8:00,10.86,133,,24.5,6,10,,31,0,185,76.6,1,0,0.01,1.01,,0
8/7/2000 10:00,10.86,133,,24.5,6,10,,31,0,185,76.6,1.5,0,0.01,1.51,,0
8/7/2000 12:00,10.86,133,,24.5,6,10,,31,0,185,76.6,0.5,0,0.01,0.51,,0
8/7/2000 14:00,10.86,133,,25,6,10,,31,0,185.2,76.6,2,0,0.01,2.01,,0
8/7/2000 16:00,10.86,133,,25,6,10,,31,0,185.3,76.6,0.5,0,0.01,0.51,,0
8/7/2000 18:00,10.86,133,,24.5,6,10,,31,0,185.2,76.6,1,0,0.01,1.01,,0
8/7/2000 20:00,10.86,133,,24.5,6,10,,31,0,185.1,76.6,1,0,0.01,1.01,,0
8/7/2000 22:00,10.86,133,,24.5,6,10,,31,0,185.1,76.6,1.5,0,0.01,1.51,,0
8/8/2000 0:00,10.86,133,,24.5,6,10,,31,0,185.1,76.6,0.7,0,0.01,0.71,,0
8/8/2000 2:00,10.86,133,,24.5,6,10,,31,0,185,76.6,1,0,0.01,1.01,,0
8/8/2000 4:00,10.86,133,,24.5,6,10,,31,0,184.9,76.6,1.5,0,0.01,1.51,,0
8/8/2000 6:00,10.86,133,,24.5,6,10,,31,0,184.8,76.6,2,0,0.01,2.01,,0
8/8/2000 8:00,10.86,133,,24.5,6,10,,31,0,185,76.6,0.5,0,0.01,0.51,,0
8/8/2000 10:00,10.86,133,,24,6,10,,31,0,184.9,76.6,2,0,0.01,2.01,,0
8/8/2000 12:00,10.86,133,,24,6,10,,31,0,184.9,76.6,1,0,0.01,1.01,,0
8/8/2000 14:00,10.86,132,,25,5,10,,31,0,185,76.6,1,0,0.01,1.01,,0
8/8/2000 16:00,10.86,132,,24.5,5,10,,31,0,184.9,76.6,0.5,0,0.01,0.51,,0
8/8/2000 18:00,10.86,132,,24.5,5,10,,31,0,184.9,76.6,0.5,0,0.01,0.51,,0
8/8/2000 20:00,10.86,132,,24,5,10,,31,0,184.9,76.6,1.5,0,0.01,1.51,,0
8/8/2000 22:00,10.86,132,,24.5,5,10,,31,0,184.9,76.6,2,0,0.01,2.01,,0
8/9/2000 0:00,10.86,132,,24.5,5,10,,31,0,184.9,76.6,0.5,0,0.01,0.51,,0
8/9/2000 2:00,10.86,132,,25.5,5,10,,31,0,184.9,76.6,1,0,0.01,1.01,,0
8/9/2000 4:00,10.86,132,,24.5,5,10,,31,0,184.9,76.6,1.5,0,0.01,1.51,,0
8/9/2000 6:00,10.86,132,,24.5,5,10,,31,0,184.9,76.6,2,0,0.01,2.01,,0
8/9/2000 8:00,10.86,132,,25,6,10,,31,0,184.7,76.6,1,0,0.01,1.01,,0
8/9/2000 10:00,10.86,132,,25.5,6,10,,31,0,184.8,76.6,2,0,0.01,2.01,,0
8/9/2000 12:00,10.86,132,,24.5,6,10,,31,0,184.6,76.6,0.5,0,0.01,0.51,,0
8/9/2000 14:00,10.86,132,,24.5,6,10,,31,0,184.7,76.6,1,0,0.01,1.01,,0
8/9/2000 16:00,10.86,132,,25,6,10,,31,0,184.7,76.6,2.5,0,0.01,2.51,,0
8/9/2000 18:00,10.86,132,,25,6,10,,31,0,184.7,76.6,1,0,0.01,1.01,,0
8/9/2000 20:00,10.86,132,,25,6,10,,31,0,184.6,76.6,0.5,0,0.01,0.51,,0
8/9/2000 22:00,10.86,132,,24.5,6,10,,31,0,184.6,76.6,1,0,0.01,1.01,,0
8/10/2000 0:00,10.86,132,,24.5,6,10,,31,0,184.6,76.6,1.5,0,0.01,1.51,,0
8/10/2000 2:00,10.86,132,,24.5,6,10,,31,0,184.6,76.6,2,0,0.01,2.01,,0
8/10/2000 4:00,10.86,132,,24.5,6,10,,31,0,184.5,76.6,1,0,0.01,1.01,,0
8/10/2000 6:00,10.86,132,,24.5,6,10,,31,0,184.5,76.6,2,0,0.01,2.01,,0
8/10/2000 8:00,10.86,132,,25,6,10,,31,0,184.3,76.6,1,0,0.01,1.01,,0
8/10/2000 10:00,10.86,132,,25,6,10,,31,0,184.4,76.6,0.5,0,0.01,0.51,,0
8/10/2000 12:00,10.86,132,,25.5,6,10,,31,0,184.3,76.6,1.5,0,0.01,1.51,,0
8/10/2000 14:00,10.86,132,,25,6,10,,31,0,184.3,76.6,2,0,0.01,2.01,,0
8/10/2000 16:00,10.86,132,,24.5,6,10,,31,0,184.2,76.6,1,0,0.01,1.01,,0
8/10/2000 18:00,10.86,132,,25.5,6,10,,31,0,184.2,76.6,1.5,0,0.01,1.51,,0
8/10/2000 20:00,10.86,132,,24.5,6,10,,31,0,184.2,76.6,1,0,0.01,1.01,,0
8/10/2000 22:00,10.86,132,,24.5,6,10,,31,0,184.2,76.5,0.7,0,0.01,0.71,,0
8/11/2000 0:00,10.86,132,,24.5,6,10,,31,0,184.2,76.5,1,0,0.01,1.01,,0
8/11/2000 2:00,10.86,132,,25,6,10,,31,0,184.1,76.5,1.5,0,0.01,1.51,,0
8/11/2000 4:00,10.86,132,,25,6,10,,31,0,184.1,76.5,2,0,0.01,2.01,,0
8/11/2000 6:00,10.86,132,,25,6,10,,31,0,184.2,76.5,0.7,0,0.01,0.71,,0
8/11/2000 8:00,10.86,132,,24.5,6,10,,31,0,184.3,76.5,1,0,0.01,1.01,,0
8/11/2000 10:00,10.86,132,,25,6,10,,31,0,184.3,76.5,1.5,0,0.01,1.51,,0
8/11/2000 12:00,10.86,132,,25,6,10,,31,0,184,76.5,0.5,0,0.01,0.51,,0
8/11/2000 14:00,10.86,132,,25.5,6,10,,31,0,184,76.5,1,0,0.01,1.01,,0
8/11/2000 16:00,10.86,132,,25,7,10,,31,0,184,76.5,2,0,0.01,2.01,,0
8/11/2000 18:00,10.86,132,,25,7,10,,31,0,184,76.5,0.7,0,0.01,0.71,,0
8/11/2000 20:00,10.86,132,,24.5,7,10,,31,0,184,76.5,1,0,0.01,1.01,,0
8/11/2000 22:00,10.86,132,,25,7,10,,31,0,184,76.5,0.5,0,0.01,0.51,,0
8/12/2000 0:00,10.86,132,,24.5,6,10,,31,0,184,76.5,1.5,0,0.01,1.51,,0
8/12/2000 2:00,10.86,132,,24.5,6,10,,31,0,184,76.5,1,0,0.01,1.01,,0
8/12/2000 4:00,10.86,132,,24.5,6,10,,31,0,184,76.5,2,0,0.01,2.01,,0
8/12/2000 6:00,10.86,132,,24,6,10,,31,0,184,76.5,0.5,0,0.01,0.51,,0
8/12/2000 8:00,10.86,132,,25.5,6,10,,31,0,184,76.5,2,0,0.01,2.01,,0
8/12/2000 10:00,10.86,132,,25.5,6,10,,31,0,184,76.5,1,0,0.01,1.01,,0
8/12/2000 12:00,10.86,132,,25.5,6,10,,31,0,183.7,76.5,1.5,0,0.01,1.51,,0
8/12/2000 14:00,10.86,131.5,,25,6,10,,31,0,183.5,76.5,2,0,0.01,2.01,,0
8/12/2000 16:00,10.86,131.5,,24.5,6,10,,31,0,183.8,76.5,0.7,0,0.01,0.71,,0
8/12/2000 18:00,10.86,131.5,,24.5,6,10,,31,0,183.8,76.5,1,0,0.01,1.01,,0
8/12/2000 20:00,10.86,131.5,,24.5,7,10,,31,0,183.8,76.5,1.5,0,0.01,1.51,,0
8/12/2000 22:00,10.86,131.5,,24.5,7,10,,31,0,183.8,76.5,0.5,0,0.01,0.51,,0
8/13/2000 0:00,10.86,131.5,,24.5,7,10,,31,0,183.8,76.5,1.5,0,0.01,1.51,,0
8/13/2000 2:00,10.86,131.5,,25,7,10,,31,0,183.8,76.5,1,0,0.01,1.01,,0
8/13/2000 4:00,10.86,131.5,,24.5,7,10,,31,0,183.8,76.5,1,0,0.01,1.01,,0
8/13/2000 6:00,10.86,131.5,,24.5,7,10,,31,0,183.8,76.5,2,0,0.01,2.01,,0
8/13/2000 8:00,10.86,131.5,,24.5,6,10,,31,0,183.8,76.5,1.5,0,0.01,1.51,,0
8/13/2000 10:00,10.86,131.5,,23,6,10,,31,0,183.9,76.5,1,0,0.01,1.01,,0
8/13/2000 12:00,10.86,131.5,,24.5,6,10,,31,0,184,76.5,2.5,0,0.01,2.51,,0
8/13/2000 14:00,10.86,131.5,,24.5,6,10,,31,0,184,76.5,0.5,0,0.01,0.51,,0
8/13/2000 16:00,10.86,131.5,,24.5,6,10,,31,0,184.1,76.5,1,0,0.01,1.01,,0
8/13/2000 18:00,10.86,131.5,,24.5,6,10,,31,0,184,76.5,2,0,0.01,2.01,,0
8/13/2000 20:00,10.86,131.5,,24.5,6,10,,31,0,184,76.5,1.5,0,0.01,1.51,,0
8/13/2000 22:00,10.86,131.5,,24.5,6,10,,31,0,183.7,76.4,2,0,0.01,2.01,,0
8/14/2000 0:00,10.86,131.5,,24.5,6,10,,31,0,184,76.4,1,0,0.01,1.01,,0
8/14/2000 2:00,10.86,131.5,,24,6,10,,31,0,183.7,76.4,1.5,0,0.01,1.51,,0
8/14/2000 4:00,10.86,131.5,,24,6,10,,31,0,183.7,76.4,0.7,0,0.01,0.71,,0
8/14/2000 6:00,10.86,131.5,,24,6,10,,31,0,183.7,76.4,1,0,0.01,1.01,,0
8/14/2000 8:00,10.86,131.5,,24,6,10,,31,0,184.2,76.4,0.7,0,0.01,0.71,,0
8/14/2000 10:00,10.86,131.5,,24,6,10,,31,0,184.2,76.4,1,0,0.01,1.01,,0
8/14/2000 12:00,10.86,131.5,,24.5,6,10,,31,0,184.7,76.4,0.8,0,0.01,0.81,,0
8/14/2000 14:00,10.86,131.5,,24.5,6,10,,31,0,184.7,76.4,1.5,0,0.01,1.51,,0
8/14/2000 16:00,10.86,131.5,,24,6,10,,31,0,184.7,76.5,1,0,0.01,1.01,,0
8/14/2000 18:00,10.86,131.5,,24,6,10,,31,0,184.5,76.6,1,0,0.01,1.01,,0
8/14/2000 20:00,10.86,131.5,,24.5,6,10,,31,0,184.5,76.6,1.5,0,0.01,1.51,,0
8/14/2000 22:00,10.86,131.5,,24.5,6,10,,31,0,184.5,76.6,2,0,0.01,2.01,,0
8/15/2000 0:00,10.86,131.5,,24.5,6,10,,31,0,184.5,76.6,1.5,0,0.01,1.51,,0
8/15/2000 2:00,10.86,131.5,,23.5,6,10,,31,0,184.5,76.6,1,0,0.01,1.01,,0
8/15/2000 4:00,10.86,131.5,,25.5,6,10,,31,0,184.5,76.6,2,0,0.01,2.01,,0
8/15/2000 6:00,10.86,131.5,,25.5,6,10,,31,0,184.5,76.6,0.8,0,0.01,0.81,,0
8/15/2000 8:00,10.86,131.5,,25,6,10,,31,0,184.5,76.6,1.5,0,0.01,1.51,,0
8/15/2000 10:00,10.86,131.5,,25,6,10,,31,0,184.5,76.6,1,0,0.01,1.01,,0
8/15/2000 12:00,10.86,131.5,,24,6,10,,31,0,184.5,76.6,0.8,0,0.01,0.81,,0
8/15/2000 14:00,10.86,131.5,,25,6,10,,31,0,184.7,76.6,1.5,0,0.01,1.51,,0
8/15/2000 16:00,10.86,131.5,,25,6,10,,31,0,184.7,76.6,1,0,0.01,1.01,,0
8/15/2000 18:00,10.86,131.5,,24.5,6,10,,31,0,184.7,76.6,0.8,0,0.01,0.81,,0
8/15/2000 20:00,10.86,131.5,,24.5,6,10,,31,0,184.7,76.6,1.5,0,0.01,1.51,,0
8/15/2000 22:00,10.86,131.5,,25.5,6,10,,31,0,184.7,76.6,1,0,0.01,1.01,,0
8/16/2000 0:00,10.86,131.5,,24.5,6,10,,31,0,184.7,76.6,2,0,0.01,2.01,,0
8/16/2000 2:00,10.86,131.5,,25.5,6,10,,31,0,184.7,76.6,1.5,0,0.01,1.51,,0
8/16/2000 4:00,10.86,131.5,,25.5,6,10,,31,0,184.7,76.6,1,0,0.01,1.01,,0
8/16/2000 6:00,10.86,131.5,,25.5,6,10,,31,0,184.7,76.6,0.7,0,0.01,0.71,,0
8/16/2000 8:00,10.86,131.5,,25,6,10,,31,0,184.7,76.6,1,0,0.01,1.01,,0
8/16/2000 10:00,10.86,131.5,,25,6,10,,31,0,184.6,76.6,0.8,0,0.01,0.81,,0
8/16/2000 12:00,10.86,131.5,,24,6,10,,31,0,184.5,76.5,0.7,0,0.01,0.71,,0
8/16/2000 14:00,10.86,131.5,,25.5,6,10,,31,0,184.5,76.5,2,0,0.01,2.01,,0
8/16/2000 16:00,10.86,131.5,,26,6,10,,31,0,184.2,76.5,1,0,0.01,1.01,,0
8/16/2000 18:00,10.86,131.5,,25,6,10,,31,0,183.7,76.5,0.8,0,0.01,0.81,,0
8/16/2000 20:00,10.86,131.5,,24.5,6,10,,31,0,183.7,76.5,2,0,0.01,2.01,,0
8/16/2000 22:00,10.86,131.5,,24.5,6,10,,31,0,183.7,76.5,2,0,0.01,2.01,,0
8/17/2000 0:00,10.86,131.5,,24.5,6,10,,31,0,183.7,76.5,1.5,0,0.01,1.51,,0
8/17/2000 2:00,10.86,131.5,,24.5,6,10,,31,0,183.7,76.5,1,0,0.01,1.01,,0
8/17/2000 4:00,10.86,131.5,,24.5,6,10,,31,0,183.7,76.5,0.8,0,0.01,0.81,,0
8/17/2000 6:00,10.86,131.5,,25.5,6,10,,31,0,183.7,76.5,2,0,0.01,2.01,,0
8/17/2000 8:00,10.86,131.5,,24.5,6,10,,31,0,184,76.5,2.5,0,0.01,2.51,,0
8/17/2000 10:00,10.86,131.5,,24.5,6,10,,31,0,184.1,76.5,1.5,0,0.01,1.51,,0
8/17/2000 12:00,10.86,131.5,,25,6,10,,31,0,184.1,76.5,1,0,0.01,1.01,,0
8/17/2000 14:00,10.86,131.5,,24.5,6,10,,31,0,184,76.5,1.5,0,0.01,1.51,,0
8/17/2000 16:00,10.86,131.5,,24,6,10,,31,0,184,76.5,0.8,0,0.01,0.81,,0
8/17/2000 18:00,10.86,131.5,,24.5,6,10,,31,0,184,76.5,2,0,0.01,2.01,,0
8/17/2000 20:00,10.86,131.5,,24.5,6,10,,31,0,184,76.5,1,0,0.01,1.01,,0
8/17/2000 22:00,10.86,131.5,,24.5,6,10,,31,0,184,76.5,1.5,0,0.01,1.51,,0
8/18/2000 0:00,10.86,131.5,,24.5,6,10,,31,0,184,76.5,2,0,0.01,2.01,,0
8/18/2000 2:00,10.86,131.5,,24.5,6,10,,31,0,184,76.5,1,0,0.01,1.01,,0
8/18/2000 4:00,10.86,131.5,,24.5,6,10,,31,0,184,76.5,0.8,0,0.01,0.81,,0
8/18/2000 6:00,10.86,131.5,,24.5,6,10,,31,0,184,76.5,1.5,0,0.01,1.51,,0
8/18/2000 8:00,10.86,131.5,,24.5,6,10,,31,0,184,76.5,1,0,0.01,1.01,,0
8/18/2000 10:00,10.86,131.5,,24,6,10,,31,0,184,76.5,0.8,0,0.01,0.81,,0
8/18/2000 12:00,10.86,131.5,,23,6,10,,31,0,183.9,76.5,1.5,0,0.01,1.51,,0
8/18/2000 14:00,10.86,131.5,,23.5,6,10,,31,0,183.9,76.5,0.8,0,0.01,0.81,,0
8/18/2000 16:00,10.86,131.5,,23.5,6,10,,31,0,183.9,76.5,1,0,0.01,1.01,,0
8/18/2000 18:00,10.86,131.5,,24.5,6,10,,31,0,183.9,76.5,0.7,0,0.01,0.71,,0
8/18/2000 20:00,10.86,131.5,,24.5,6,10,,31,0,183.9,76.5,2,0,0.01,2.01,,0
8/18/2000 22:00,10.86,131.5,,24.5,6,10,,31,0,183.9,76.5,1,0,0.01,1.01,,0
8/19/2000 0:00,10.86,131.5,,24.5,6,10,,31,0,183.9,76.5,0.8,0,0.01,0.81,,0
8/19/2000 2:00,10.86,131.5,,24.5,6,10,,31,0,183.9,76.5,1.5,0,0.01,1.51,,0
8/19/2000 4:00,10.86,131.5,,25,6,10,,31,0,183.9,76.5,2,0,0.01,2.01,,0
8/19/2000 6:00,10.86,131.5,,24.5,6,10,,31,0,183.9,76.5,1,0,0.01,1.01,,0
8/19/2000 8:00,10.86,131.5,,25,6,10,,31,0,183.9,76.5,0.8,0,0.01,0.81,,0
8/19/2000 10:00,10.86,131.5,,25,6,10,,31,0,183.9,76.5,1.5,0,0.01,1.51,,0
8/19/2000 12:00,10.86,131.5,,25,6,10,,31,0,183.9,76.5,0.7,0,0.01,0.71,,0
8/19/2000 14:00,10.86,131.5,,25.5,6,10,,31,0,183.8,76.5,1,0,0.01,1.01,,0
8/19/2000 16:00,10.86,131.5,,25,6,10,,31,0,183.8,76.5,1.5,0,0.01,1.51,,0
8/19/2000 18:00,10.86,131.5,,25,6,10,,31,0,183.8,76.5,0.8,0,0.01,0.81,,0
8/19/2000 20:00,10.86,131.5,,25.5,6,10,,31,0,183.8,76.5,1,0,0.01,1.01,,0
8/19/2000 22:00,10.86,131.5,,25.5,6,10,,31,0,183.8,76.5,1.5,0,0.01,1.51,,0
8/20/2000 0:00,10.86,131.5,,25.5,6,10,,31,0,183.8,76.5,0.7,0,0.01,0.71,,0
8/20/2000 2:00,10.86,131.5,,25.5,6,10,,31,0,183.8,76.5,1,0,0.01,1.01,,0
8/20/2000 4:00,10.86,131.5,,25,6,10,,31,0,183.8,76.5,2,0,0.01,2.01,,0
8/20/2000 6:00,10.86,131.5,,25,6,10,,31,0,183.8,76.5,0.8,0,0.01,0.81,,0
8/20/2000 8:00,10.86,131.5,,25.5,6,10,,31,0,183.8,76.5,0.7,0,0.01,0.71,,0
8/20/2000 10:00,10.86,131.5,,26.5,6,10,,31,0,183.8,76.5,1,0,0.01,1.01,,0
8/20/2000 12:00,10.86,131.5,,25.5,6,10,,31,0,183.8,76.5,1.5,0,0.01,1.51,,0
8/20/2000 14:00,10.86,131.5,,25.5,6,10,,31,0,183.8,76.5,2,0,0.01,2.01,,0
8/20/2000 16:00,10.86,131.5,,25,6,10,,31,0,183.8,76.5,0.8,0,0.01,0.81,,0
8/20/2000 18:00,10.86,131.5,,25.5,6,10,,31,0,183.8,76.5,1,0,0.01,1.01,,0
8/20/2000 20:00,10.86,131.5,,25,6,10,,31,0,183.8,76.5,1.5,0,0.01,1.51,,0
8/20/2000 22:00,10.86,131.5,,25.5,6,10,,31,0,183.8,76.5,0.7,0,0.01,0.71,,0
8/21/2000 0:00,10.86,131.5,,25.5,6,10,,31,0,183.8,76.5,2,0,0.01,2.01,,0
8/21/2000 2:00,10.86,131.5,,25.5,6,10,,31,0,183.8,76.5,1,0,0.01,1.01,,0
8/21/2000 4:00,10.86,131.5,,25.5,6,10,,31,0,183.8,76.5,1.5,0,0.01,1.51,,0
8/21/2000 6:00,10.86,131.5,,25.5,6,10,,31,0,183.8,76.5,0.8,0,0.01,0.81,,0
8/21/2000 8:00,10.86,131.5,,25.5,6,10,,31,0,183.8,76.5,1,0,0.01,1.01,,0
8/21/2000 10:00,10.86,131.5,,26,6,10,,31,0,183.8,76.5,1.5,0,0.01,1.51,,0
8/21/2000 12:00,10.86,131.5,,26,6,10,,31,0,183.1,76.5,2,0,0.01,2.01,,0
8/21/2000 14:00,10.86,131.5,,24.5,6,10,,31,0,183.1,76.5,1,0,0.01,1.01,,0
8/21/2000 16:00,10.86,131.5,,24.5,6,10,,31,0,183.1,76.5,0.7,0,0.01,0.71,,0
8/21/2000 18:00,10.86,131.5,,25.5,6,10,,31,0,183.1,76.5,2,0,0.01,2.01,,0
8/21/2000 20:00,10.86,131.5,,24.5,6,10,,31,0,183.1,76.5,1,0,0.01,1.01,,0
8/21/2000 22:00,10.86,131.5,,24,6,10,,31,0,183.1,76.5,0.8,0,0.01,0.81,,0
8/22/2000 0:00,10.86,131.5,,25.5,6,10,,31,0,183.1,76.5,0.7,0,0.01,0.71,,0
8/22/2000 2:00,10.86,131.5,,25,6,10,,31,0,183.1,76.5,1,0,0.01,1.01,,0
8/22/2000 4:00,10.86,131.5,,25,6,10,,31,0,183.1,76.5,1.5,0,0.01,1.51,,0
8/22/2000 6:00,10.86,131.5,,24.5,6,10,,31,0,183.1,76.5,0.8,0,0.01,0.81,,0
8/22/2000 8:00,10.86,131.5,,25.5,6,10,,31,0,183.1,76.5,1,0,0.01,1.01,,0
8/22/2000 10:00,10.86,131.5,,25.5,6,10,,31,0,183.1,76.5,2,0,0.01,2.01,,0
8/22/2000 12:00,10.86,131.5,,25,6,10,,31,0,183.1,76.5,1.5,0,0.01,1.51,,0
8/22/2000 14:00,10.86,131.5,,25,6,10,,31,0,183.1,76.5,0.9,0,0.01,0.91,,0
8/22/2000 16:00,10.86,131.5,,25,6,10,,31,0,183.1,76.5,1,0,0.01,1.01,,0
8/22/2000 18:00,10.86,131.5,,25,6,10,,31,0,183.1,76.5,0.8,0,0.01,0.81,,0
8/22/2000 20:00,10.86,131.5,,25.5,6,10,,31,0,183.1,76.5,1.5,0,0.01,1.51,,0
8/22/2000 22:00,10.86,131.5,,25,6,10,,31,0,183.1,76.5,1,0,0.01,1.01,,0
8/23/2000 0:00,10.86,131.5,,25,6,10,,31,0,183.1,76.5,0.8,0,0.01,0.81,,0
8/23/2000 2:00,10.86,131.5,,24.5,6,10,,31,0,183.1,76.5,1.5,0,0.01,1.51,,0
8/23/2000 4:00,10.86,131.5,,24.5,6,10,,31,0,183.1,76.5,1,0,0.01,1.01,,0
8/23/2000 6:00,10.86,131.5,,24.5,6,10,,31,0,183.1,76.5,0.8,0,0.01,0.81,,0
8/23/2000 8:00,10.86,131.5,,25.5,6,10,,31,0,183.1,76.5,1.5,0,0.01,1.51,,0
8/23/2000 10:00,10.86,131.5,,24.5,6,10,,31,0,183.1,76.5,2,0,0.01,2.01,,0
8/23/2000 12:00,10.86,131.5,,24.5,6,10,,31,0,183.1,76.5,1,0,0.01,1.01,,0
8/23/2000 14:00,10.86,131.5,,24.5,6,10,,31,0,183.1,76.5,1.5,0,0.01,1.51,,0
8/23/2000 16:00,10.86,131.5,,26,6,10,,31,0,183.1,76.5,2,0,0.01,2.01,,0
8/23/2000 17:00,10.86,131.5,,26,6,10,,31,0,183.1,76.5,1.5,0,0.01,1.51,,0
8/23/2000 18:00,10.86,131.5,,26,6,10,,31,0,183.1,76.5,0.9,0,0.01,0.91,,0
8/23/2000 19:00,10.86,131.5,,26,6,10,,31,0,183.1,76.5,1.5,0,0.01,1.51,,0
8/23/2000 20:00,10.86,131.5,,25,6,10,,31,0,183.1,76.5,1,0,0.01,1.01,,0
8/23/2000 22:00,10.86,131.5,,25,6,10,,31,0,183.1,76.5,0.8,0,0.01,0.81,,0
8/24/2000 0:00,10.86,131.5,,25,6,10,,31,0,183.1,76.5,1.5,0,0.01,1.51,,0
8/24/2000 2:00,10.86,131.5,,25.5,6,10,,31,0,183.1,76.5,1,0,0.01,1.01,,0
8/24/2000 4:00,10.86,131.5,,26,6,10,,31,0,183.1,76.5,0.8,0,0.01,0.81,,0
8/24/2000 6:00,10.86,131.5,,24.5,6,10,,31,0,183.1,76.5,1,0,0.01,1.01,,0
8/24/2000 8:00,10.86,131.5,,25.5,6,10,,31,0,183.1,76.5,0.7,0,0.01,0.71,,0
8/24/2000 10:00,10.86,131.5,,25.5,6,10,,31,0,183.1,76.5,0.9,0,0.01,0.91,,0
8/24/2000 12:00,10.86,131.5,,26,6,10,,31,0,183.1,76.5,1.5,0,0.01,1.51,,0
8/24/2000 14:00,10.86,131.5,,25.5,6,10,,31,0,183.1,76.5,1,0,0.01,1.01,,0
8/24/2000 16:00,10.86,131.5,,25.5,6,10,,31,0,183.1,76.5,2,0,0.01,2.01,,0
8/24/2000 18:00,10.86,131.5,,25.5,6,10,,31,0,183.1,76.5,0.9,0,0.01,0.91,,0
8/24/2000 20:00,10.86,131.5,,25,6,10,,31,0,183.1,76.5,0.9,0,0.01,0.91,,0
8/24/2000 22:00,10.86,131.5,,25,6,10,,31,0,183.1,76.5,1.5,0,0.01,1.51,,0
8/25/2000 0:00,10.86,131.5,,25,6,10,,31,0,183.1,76.5,0.8,0,0.01,0.81,,0
8/25/2000 2:00,10.86,131.5,,25,6,10,,31,0,183.1,76.5,1.5,0,0.01,1.51,,0
8/25/2000 4:00,10.86,131.5,,24.5,6,10,,31,0,183,76.5,1,0,0.01,1.01,,0
8/25/2000 6:00,10.86,131.5,,25.5,6,10,,31,0,183,76.5,0.7,0,0.01,0.71,,0
8/25/2000 8:00,10.86,131.5,,25.5,6,10,,31,0,183,76.5,2,0,0.01,2.01,,0
8/25/2000 10:00,10.86,131.5,,25.5,6,10,,31,0,183,76.5,1.5,0,0.01,1.51,,0
8/25/2000 12:00,10.86,131.5,,24.5,6,10,,31,0,183,76.5,1,0,0.01,1.01,,0
8/25/2000 14:00,10.86,131.5,,25,6,10,,31,0,183,76.5,0.9,0,0.01,0.91,,0
8/25/2000 16:00,10.86,131.5,,25,6,10,,31,0,183,76.5,1.5,0,0.01,1.51,,0
8/25/2000 18:00,10.86,131.5,,24.5,6,10,,31,0,183,76.5,2,0,0.01,2.01,,0
8/25/2000 20:00,10.86,131.5,,24.5,6,10,,31,0,183,76.5,0.8,0,0.01,0.81,,0
8/25/2000 22:00,10.86,131.5,,25,6,10,,31,0,183,76.5,1.5,0,0.01,1.51,,0
8/26/2000 0:00,10.86,131.5,,25,6,10,,31,0,183,76.5,0.9,0,0.01,0.91,,0
8/26/2000 2:00,10.86,131.5,,24.5,6,10,,31,0,183,76.5,1.5,0,0.01,1.51,,0
8/26/2000 4:00,10.86,131.5,,24.5,6,10,,31,0,183,76.5,1,0,0.01,1.01,,0
8/26/2000 6:00,10.86,131.5,,25,6,10,,31,0,183,76.5,0.8,0,0.01,0.81,,0
8/26/2000 8:00,10.86,131.5,,25,6,10,,31,0,183,76.5,1,0,0.01,1.01,,0
8/26/2000 10:00,10.86,131.5,,25,6,10,,31,0,183,76.5,1.5,0,0.01,1.51,,0
8/26/2000 12:00,10.86,131.5,,25,6,10,,31,0,183,76.5,2,0,0.01,2.01,,0
8/26/2000 14:00,10.86,131.5,,25,6,10,,31,0,183,76.5,1,0,0.01,1.01,,0
8/26/2000 16:00,10.86,131.5,,25,6,10,,31,0,183,76.5,0.7,0,0.01,0.71,,0
8/26/2000 18:00,10.86,131.5,,24.5,6,10,,31,0,182,76.5,1,0,0.01,1.01,,0
8/26/2000 20:00,10.86,131.5,,24.5,6,10,,31,0,182.5,76.5,0.8,0,0.01,0.81,,0
8/26/2000 22:00,10.86,131.5,,24.5,6,10,,31,0,181.9,76.5,1.5,0,0.01,1.51,,0
8/27/2000 0:00,10.86,131.5,,24.5,6,10,,31,0,181.9,76.5,0.7,0,0.01,0.71,,0
8/27/2000 2:00,10.86,131.5,,25,6,10,,31,0,181.9,76.5,1,0,0.01,1.01,,0
8/27/2000 4:00,10.86,131.5,,24.5,6,10,,31,0,181.9,76.5,0.8,0,0.01,0.81,,0
8/27/2000 6:00,10.86,131.5,,25,6,10,,31,0,181.9,76.5,1.5,0,0.01,1.51,,0
8/27/2000 8:00,10.86,131.5,,25,6,10,,31,0,181.9,76.5,1,0,0.01,1.01,,0
8/27/2000 10:00,10.86,131.5,,25,6,10,,31,0,181.9,76.5,2,0,0.01,2.01,,0
8/27/2000 12:00,10.86,131.5,,25.5,6,10,,31,0,181.9,76.5,2.5,0,0.01,2.51,,0
8/27/2000 14:00,10.86,131.5,,24.5,6,10,,31,0,182.4,76.5,1,0,0.01,1.01,,0
8/27/2000 16:00,10.86,131.5,,25.5,6,10,,31,0,182.2,76.5,2,0,0.01,2.01,,0
8/27/2000 18:00,10.86,131.5,,25,6,10,,31,0,182.2,76.5,1,0,0.01,1.01,,0
8/27/2000 20:00,10.86,131.5,,25.5,6,10,,31,0,182.2,76.5,0.8,0,0.01,0.81,,0
8/27/2000 22:00,10.86,131.5,,25.5,6,10,,31,0,182.2,76.5,1.5,0,0.01,1.51,,0
8/28/2000 0:00,10.86,131.5,,24.5,6,10,,31,0,182.2,76.5,1,0,0.01,1.01,,0
8/28/2000 2:00,10.86,131.5,,24.5,6,10,,31,0,182.2,76.5,1,0,0.01,1.01,,0
8/28/2000 4:00,10.86,131.5,,24.5,6,10,,31,0,182.2,76.5,0.7,0,0.01,0.71,,0
8/28/2000 6:00,10.86,131.5,,25,6,10,,31,0,182.2,76.5,1.5,0,0.01,1.51,,0
8/28/2000 8:00,10.86,131.5,,24,6,10,,31,0,182.2,76.5,1,0,0.01,1.01,,0
8/28/2000 10:00,10.86,131.5,,24,6,10,,31,0,182.2,76.5,2,0,0.01,2.01,,0
8/28/2000 12:00,10.86,131.5,,23.5,7,10,,31,0,182.6,76.5,1.5,0,0.01,1.51,,0
8/28/2000 14:00,10.86,131.5,,23.5,6,10,,31,0,182.6,76.5,0.8,0,0.01,0.81,,0
8/28/2000 16:00,10.86,131.5,,23.5,6,10,,31,0,182.6,76.5,2,0,0.01,2.01,,0
8/28/2000 18:00,10.86,131.5,,23.5,6,10,,31,0,182.6,76.5,1.5,0,0.01,1.51,,0
8/28/2000 20:00,10.86,131.5,,23.5,6,10,,31,0,182.6,76.5,0.7,0,0.01,0.71,,0
8/28/2000 22:00,10.86,131.5,,23.5,6,10,,31,0,182.6,76.5,1,0,0.01,1.01,,0
8/29/2000 0:00,10.86,131.5,,23.5,6,10,,31,0,182.6,76.5,2,0,0.01,2.01,,0
8/29/2000 2:00,10.86,131.5,,23,6,10,,31,0,182.6,76.5,0.8,0,0.01,0.81,,0
8/29/2000 4:00,10.86,131.5,,23,6,10,,31,0,182.6,76.5,1.5,0,0.01,1.51,,0
8/29/2000 6:00,10.86,131.5,,22.5,6,10,,31,0,182.6,76.5,1,0,0.01,1.01,,0
8/29/2000 8:00,10.86,131.5,,22.5,6,10,,31,0,182.4,76.5,2,0,0.01,2.01,,0
8/29/2000 10:00,10.86,131.5,,23,6,10,,31,0,182.4,76.5,2.5,0,0.01,2.51,,0
8/29/2000 12:00,10.86,131.5,,23,6,10,,31,0,182.4,76.5,1.5,0,0.01,1.51,,0
8/29/2000 14:00,10.86,131.5,,22.5,6,10,,31,0,182.4,76.5,2,0,0.01,2.01,,0
8/29/2000 16:00,10.86,131.5,,22.5,6,10,,31,0,182.4,76.5,2,0,0.01,2.01,,0
8/29/2000 18:00,10.86,131,,23,6,10,,31,0,182.7,76.5,1.5,0,0.01,1.51,,0
8/29/2000 20:00,10.86,131,,22.5,6,10,,31,0,182.7,76.5,1.5,0,0.01,1.51,,0
8/29/2000 22:00,10.86,131,,22.5,6,10,,31,0,182.5,76.5,0.5,0,0.01,0.51,,0
8/30/2000 0:00,10.86,131,,22.5,6,10,,31,0,182.5,76.5,1,0,0.01,1.01,,0
8/30/2000 2:00,10.86,131,,22.5,6,10,,31,0,182.5,76.5,1.5,0,0.01,1.51,,0
8/30/2000 4:00,10.86,131,,23,6,10,,31,0,182.4,76.5,1,0,0.01,1.01,,0
8/30/2000 6:00,10.86,131,,23,6,10,,31,0,182.4,76.5,0.5,0,0.01,0.51,,0
8/30/2000 8:00,10.86,131,,23,6,10,,31,0,182.5,76.5,1,0,0.01,1.01,,0
8/30/2000 10:00,10.86,131,,23,6,10,,31,0,182.5,76.5,2,0,0.01,2.01,,0
8/30/2000 12:00,10.86,131,,23.5,6,10,,31,0,182.6,76.5,2.5,0,0.01,2.51,,0
8/30/2000 14:00,10.86,131,,23.5,7,10,,31,0,182.4,76.5,1.5,0,0.01,1.51,,0
8/30/2000 16:00,10.86,131,,23.5,6,10,,31,0,182.7,76.5,1,0,0.01,1.01,,0
8/30/2000 18:00,10.86,131,,23.5,6,10,,31,0,182.7,76.5,1.5,0,0.01,1.51,,0
8/30/2000 20:00,10.86,131,,23.5,6,10,,31,0,182.4,76.5,1.5,0,0.01,1.51,,0
8/30/2000 22:00,10.86,131,,23,6,10,,31,0,182.2,76.5,2,0,0.01,2.01,,0
8/31/2000 0:00,10.86,131,,23,6,10,,31,0,182.6,76.5,2,0,0.01,2.01,,0
8/31/2000 2:00,10.86,131,,23.5,6,10,,31,0,182.4,76.5,1,0,0.01,1.01,,0
8/31/2000 4:00,10.86,131,,23.5,6,10,,31,0,182.3,76.4,0.7,0,0.01,0.71,,0
8/31/2000 6:00,10.86,131,,23.5,6,10,,31,0,182.3,76.4,1,0,0.01,1.01,,0
8/31/2000 8:00,10.86,131,,23.5,6,10,,31,0,182.4,76.4,2,0,0.01,2.01,,0
8/31/2000 10:00,10.86,131,,23,6,10,,31,0,182.2,76.4,1.5,0,0.01,1.51,,0
8/31/2000 12:00,10.86,131,,23,6,10,,31,0,182.2,76.4,2.5,0,0.01,2.51,,0
8/31/2000 14:00,10.86,131,,23,6,10,,31,0,182.2,76.4,2,0,0.01,2.01,,0
8/31/2000 16:00,10.86,131,,23,6,10,,31,0,182.6,76.4,2,0,0.01,2.01,,0
8/31/2000 18:00,10.86,131,,23.5,6,10,,31,0,182.4,76.4,1,0,0.01,1.01,,0
8/31/2000 20:00,10.86,131,,23.5,6,10,,31,0,182.4,76.4,1.5,0,0.01,1.51,,0
8/31/2000 22:00,10.86,131,,24,6,10,,31,0,182.4,76.4,2,0,0.01,2.01,,0
